OBJECTID,NAME,DESCRIPTION,UPDATE_DATE,Shape__Area,Shape__Length
1,,LAKE/POND,1519689600000,-6915.74963378906,773977.8789950592
2,,LAKE/POND,1519689600000,26654.2379150391,438934.1130296374
3,,DAM/WEIR,1519689600000,-3664.31066894531,858611.2015214714
4,,DAM/WEIR,1519689600000,7536.47241210938,697397.5948884289
5,,SPILLWAY,1519689600000,-487.962036132813,94267.83597551288
6,,DAM/WEIR,1394409600000,18134.8524169922,975623.8137792406
7,,DAM/WEIR,1553299200000,20167.4385986328,761162.826880452
8,,DAM/WEIR,1394409600000,7326.30090332031,786084.9127821209
9,,DAM/WEIR,1394409600000,8451.59606933594,128200.69319864565
10,,LAKE/POND,1553299200000,6530.91845703125,450440.44891583966
11,,LAKE/POND,1553299200000,-24132.2026367188,370860.5736321337
12,,LAKE/POND,1394409600000,21877.1772460938,926771.3855847281
13,,LAKE/POND,1553299200000,22741.0993652344,643900.0897035364
14,,LAKE/POND,1553299200000,-17550.6572265625,822778.5143478896
15,,LAKE/POND,1553299200000,-141663.047485352,443469.4139932496
16,,LAKE/POND,1394409600000,36195.8892822266,227315.77067387663
17,,LAKE/POND,1553299200000,95384.4526367188,554628.7739523462
18,,STREAM/RIVER,1553299200000,48829.6478271484,63910.810561308805
19,,TUNNEL/CULVERT,1394409600000,2497.46447753906,827647.5812442108
20,,TUNNEL/CULVERT,1394409600000,1234.31640625,631700.6010177535
21,,LAKE/POND,1553299200000,12099.9768066406,758111.1732236252
22,,LAKE/POND,1553299200000,-23004.9228515625,354590.16100708727
23,,LAKE/POND,1553299200000,3993.19946289063,970699.9838944394
24,,LAKE/POND,1553299200000,3586.3818359375,893130.9160889442
25,,DAM/WEIR,1553299200000,-19706.6076660156,778404.8803405574
26,,DAM/WEIR,1553299200000,31823.0046386719,194719.04934247452
27,,LAKE/POND,1553299200000,-28604.3330078125,466773.86490565777
28,,LAKE/POND,1553299200000,4725.77697753906,43899.34160688426
29,,LAKE/POND,1553299200000,23321.5747070313,154373.908828849
30,,LAKE/POND,1553299200000,18882.6676025391,683079.9652981771
31,,LAKE/POND,1553299200000,5796.73168945313,744786.9349300704
32,,DAM/WEIR,1394409600000,5194.03076171875,967512.0139512342
33,,DAM/WEIR,1553299200000,26645.1568603516,325892.44977698
34,,DAM/WEIR,1394409600000,1751.69616699219,370522.28960455937
35,,DAM/WEIR,1553299200000,19563.25390625,469608.38613886904
36,,DAM/WEIR,1553299200000,-58037.4260253906,189552.2224770182
37,,DAM/WEIR,1553299200000,-5791.32263183594,130008.38326343276
38,,DAM/WEIR,1553299200000,20178.8154296875,475756.8800283849
39,,DAM/WEIR,1553299200000,-16638.0643310547,226986.43120662996
40,,DAM/WEIR,1394409600000,-39653.7161865234,669846.3434690475
41,,DAM/WEIR,1394409600000,-5342.84643554688,437207.76652852463
42,,LAKE/POND,1553299200000,4779.33056640625,832694.0955600356
43,,LAKE/POND,1553299200000,-130212.375,700294.3752269469
44,,LAKE/POND,1553299200000,254865.065795898,312435.09235126147
45,,LAKE/POND,1553299200000,4976.51147460938,832275.7431552601
46,,LAKE/POND,1553299200000,41071.3988037109,804783.0762966947
47,,LAKE/POND,1394409600000,-25425.6831054688,387539.2437138924
48,,LAKE/POND,1394409600000,108978.055053711,288398.98279174714
49,,LAKE/POND,1553299200000,-155692.969604492,682526.571929074
50,,LAKE/POND,1394409600000,4770.54663085938,139838.36860846527
51,,SPILLWAY,1394409600000,-944.229125976563,199988.01174665833
52,,LAKE/POND,1394409600000,10716.7528076172,7461.526161760661
53,,STREAM/RIVER,1553299200000,-13980235.5391846,786944.8981400107
54,,STREAM/RIVER,1553299200000,20393.2862548828,664883.7066555163
55,,STREAM/RIVER,1553299200000,-18362.2990722656,705194.1569230938
56,,STREAM/RIVER,1553299200000,9768.03576660156,780750.1773898347
57,,STREAM/RIVER,1553299200000,14135.2272949219,458969.4250450106
58,,STREAM/RIVER,1553299200000,-71990.4283447266,568783.7530921025
59,,TUNNEL/CULVERT,1394409600000,-7042.72058105469,139882.87863084656
60,,TUNNEL/CULVERT,1394409600000,-1436.23559570313,114618.50599854632
61,,TUNNEL/CULVERT,1394409600000,-2312.36682128906,668435.4530913308
62,,TUNNEL/CULVERT,1394409600000,1819.88293457031,471148.6254263121
63,,LAKE/POND,1394409600000,101723.305786133,565279.0176344343
64,,LAKE/POND,1553299200000,-26142.9039306641,765021.5925314266
65,,RESERVOIR,1394409600000,6255.72912597656,634754.2134502707
66,,RESERVOIR,1394409600000,-3052.58081054688,553623.4891385294
67,,RESERVOIR,1394409600000,5063.48486328125,559250.6808221783
68,,TUNNEL/CULVERT,1394409600000,7838.330078125,304019.39910270786
69,,TUNNEL/CULVERT,1394409600000,3350.82446289063,30914.721966648045
70,,LAKE/POND,1553299200000,4284.73327636719,436773.2807760499
71,,LAKE/POND,1394409600000,3050.57446289063,214662.99976757442
72,,LAKE/POND,1553299200000,25048.2185058594,408587.38233161997
73,,LAKE/POND,1553299200000,-563885.911987305,853416.879557766
74,,RESERVOIR,1394409600000,173907.122802734,234015.85797726834
75,,RESERVOIR,1394409600000,56837.4954833984,58396.85311215542
76,,RESERVOIR,1394409600000,41387.4720458984,281455.4722489023
77,,ROCK/ISLAND,1394409600000,-604.493408203125,293664.1047971492
78,,LAKE/POND,1553299200000,-217373.345214844,661949.6611589077
79,,LAKE/POND,1553299200000,20105.8204345703,557075.8920938919
80,,LAKE/POND,1394409600000,4749.93176269531,783919.0353872938
81,,LAKE/POND,1553299200000,1808.66491699219,664346.4446598145
82,,LAKE/POND,1553299200000,2173.95251464844,406445.81636706507
83,,LAKE/POND,1553299200000,18291.3514404297,814038.1686071834
84,,LAKE/POND,1553299200000,-13157.1859130859,167056.05564279322
85,,LAKE/POND,1553299200000,10490.6990966797,22809.779214473958
86,,LAKE/POND,1553299200000,-69142.2218017578,90138.76594170342
87,,LAKE/POND,1553299200000,-324.752319335938,722386.39230204
88,,LAKE/POND,1553299200000,-368.272094726563,461930.580651132
89,,LAKE/POND,1553299200000,814.608154296875,161355.4905839194
90,,LAKE/POND,1553299200000,4156.62170410156,501094.1695810781
91,,LAKE/POND,1553299200000,1602.52502441406,152396.7191907944
92,,LAKE/POND,1553299200000,-6319.72131347656,696350.0467198532
93,,LAKE/POND,1553299200000,20685.8558349609,446211.21379019774
94,,LAKE/POND,1553299200000,107542.744750977,381082.74295264675
95,,LAKE/POND,1553299200000,10299.6235351563,301581.6364268726
96,,LAKE/POND,1553299200000,3430.29504394531,630318.9345769834
97,,LAKE/POND,1553299200000,12051.0693359375,361876.06747972453
98,,LAKE/POND,1553299200000,58514.5998535156,87741.06667425008
99,,LAKE/POND,1553299200000,7012.47131347656,118093.98352440115
100,,LAKE/POND,1553299200000,1587.603515625,961900.512885395
101,,LAKE/POND,1553299200000,-12665.4733886719,908588.9240578456
102,,LAKE/POND,1553299200000,-6902.75830078125,699736.4633902346
103,,LAKE/POND,1553299200000,-18490.0286865234,265943.10859341215
104,,LAKE/POND,1553299200000,2127.58215332031,969178.4905336117
105,,LAKE/POND,1553299200000,7462.865234375,778772.2501244941
106,,LAKE/POND,1553299200000,1247722.44897461,716917.7832498905
107,,LAKE/POND,1553299200000,10310.8277587891,449416.11663207214
108,,DAM/WEIR,1553299200000,-5129.48681640625,272314.06544741266
109,,DAM/WEIR,1553299200000,16398.1300048828,96481.22666632179
110,,DAM/WEIR,1394409600000,-4271.03002929688,902611.2337017907
111,,DAM/WEIR,1553299200000,11215.3416748047,455830.2564283379
112,,DAM/WEIR,1553299200000,-6228.84631347656,202442.926095386
113,,DAM/WEIR,1394409600000,7859.01196289063,306025.7225316133
114,,LAKE/POND,1553299200000,42708.4691162109,579261.0677654329
115,,LAKE/POND,1553299200000,60756.9520263672,176854.92888815486
116,,LAKE/POND,1394409600000,-21922.7805175781,856627.7660496822
117,,LAKE/POND,1553299200000,25835.3819580078,758542.9193626967
118,,LAKE/POND,1394409600000,14189.9310302734,719490.2901923858
119,,LAKE/POND,1394409600000,109844.432739258,432149.39837808645
120,,LAKE/POND,1553299200000,15676.2896728516,627345.4825095322
121,,TUNNEL/CULVERT,1394409600000,-1902.88391113281,584138.9750178754
122,,TUNNEL/CULVERT,1394409600000,2091.51037597656,649880.967048063
123,,LAKE/POND,1394409600000,-41079.4022216797,84535.79226345396
124,,LAKE/POND,1553299200000,-25725.3192138672,415865.4056229904
125,,STREAM/RIVER,1553299200000,33460.6285400391,41709.97083033243
126,,DAM/WEIR,1394409600000,9809.25012207031,494040.9261717752
127,,DAM/WEIR,1394409600000,-7613.45922851563,329927.8963503397
128,,DAM/WEIR,1394409600000,-9885.08801269531,144609.59192297142
129,,DAM/WEIR,1394409600000,-596.778076171875,103492.52402281166
130,,DAM/WEIR,1394409600000,-4947.642578125,587685.2200759221
131,,DAM/WEIR,1394409600000,8159.17639160156,170675.73864706387
132,,DAM/WEIR,1394409600000,-1903.18359375,925126.6812448412
133,,DAM/WEIR,1394409600000,11608.5162353516,581102.4525252852
134,,DAM/WEIR,1394409600000,-6795.27014160156,346934.77068457904
135,,DAM/WEIR,1394409600000,-5769.28576660156,590955.8090167771
136,,DAM/WEIR,1394409600000,4397.0185546875,22901.5678387235
137,,RESERVOIR,1394409600000,-6175.62744140625,958562.3987609079
138,,ROCK/ISLAND,1394409600000,4199.34765625,482354.724295769
139,,LAKE/POND,1553299200000,9286.24682617188,782756.1709923339
140,,STREAM/RIVER,1394409600000,54307.2554931641,82821.6441924464
141,,LAKE/POND,1394409600000,8857.20166015625,486709.17834674567
142,,LAKE/POND,1394409600000,-40705.1683349609,490757.4329480911
143,,LAKE/POND,1553299200000,42654.5548095703,937831.7345030304
144,,LAKE/POND,1394409600000,71945.7508544922,571770.3078427854
145,,LAKE/POND,1394409600000,63979.736328125,473541.5786274471
146,,LAKE/POND,1394409600000,-5553.46508789063,267048.6985499213
147,,LAKE/POND,1394409600000,-14070.0863037109,331635.5088738206
148,,LAKE/POND,1553299200000,-45250.9244384766,520719.81455888815
149,,LAKE/POND,1553299200000,-22390.4611816406,438967.13024755585
150,,LAKE/POND,1394409600000,26474.3692626953,21709.897060262512
151,,LAKE/POND,1394409600000,-5065.3154296875,826308.4687100141
152,,RESERVOIR,1553299200000,-2227.98059082031,896170.259601811
153,,RESERVOIR,1553299200000,-3149.40661621094,140334.92384062192
154,,LAKE/POND,1394409600000,89328.9769287109,554080.185888552
155,,LAKE/POND,1394409600000,-2089.35217285156,108664.77498558887
156,,LAKE/POND,1394409600000,3054.64916992188,672272.1967904146
157,,LAKE/POND,1394409600000,-19952.4294433594,281305.37922684057
158,,LAKE/POND,1553299200000,54797.4587402344,659456.0330057979
159,,LAKE/POND,1553299200000,-21104.9486083984,727021.1878308397
160,,LAKE/POND,1553299200000,142036.342163086,768669.8585209734
161,,TUNNEL/CULVERT,1394409600000,-1880.07629394531,107830.06412035502
162,,TUNNEL/CULVERT,1394409600000,-1763.05700683594,916019.327941249
163,,TUNNEL/CULVERT,1394409600000,-1895.07482910156,230290.73928180043
164,,TUNNEL/CULVERT,1394409600000,-2073.89086914063,37508.77750800599
165,,TUNNEL/CULVERT,1394409600000,-3340.46533203125,554896.4292920749
166,,LAKE/POND,1553299200000,3545.99865722656,370984.82071176864
167,,RESERVOIR,1394409600000,10481.6088867188,829805.9343683568
168,,ROCK/ISLAND,1394409600000,-101.087158203125,808269.8386656233
169,,ROCK/ISLAND,1553299200000,1869.33544921875,317206.86179454025
170,,LAKE/POND,1394409600000,47849.6229248047,952903.152230843
171,,RESERVOIR,1394409600000,-2944.31359863281,290988.45543846645
172,,RESERVOIR,1394409600000,-6095.12121582031,515105.10846166214
173,,STREAM/RIVER,1553299200000,-28490.8035888672,256039.2380934554
174,,STREAM/RIVER,1553299200000,-1886.08874511719,936049.0296483884
175,,LAKE/POND,1553299200000,19210.5856933594,164691.19219244237
176,,RESERVOIR,1553299200000,5445.34655761719,45006.08341977036
177,,LAKE/POND,1553299200000,74725.6540527344,435153.11519997765
178,,ROCK/ISLAND,1553299200000,23522.6478271484,992375.3341238674
179,,ROCK/ISLAND,1553299200000,53074.95703125,891687.2068510222
180,,LAKE/POND,1553299200000,-2423.25598144531,748632.4100469841
181,,RESERVOIR,1553299200000,-4034.37438964844,890802.5208369461
182,,DAM/WEIR,1394409600000,-4951.81103515625,893456.4015872537
183,,DAM/WEIR,1394409600000,-43131.2120361328,518905.95569205005
184,,DAM/WEIR,1394409600000,-16411.0134277344,315997.1429965581
185,,DAM/WEIR,1394409600000,8781.52221679688,772034.4588553448
186,,DAM/WEIR,1394409600000,-5575.03869628906,661694.4353801812
187,,DAM/WEIR,1394409600000,-6359.53552246094,373719.98944309383
188,,DAM/WEIR,1394409600000,3825.96923828125,94557.12692804105
189,,DAM/WEIR,1394409600000,-4516.84484863281,746814.1855982797
190,,DAM/WEIR,1394409600000,2599.24926757813,262534.0074107565
191,,DAM/WEIR,1394409600000,-56402.2188720703,936818.5324055753
192,,DAM/WEIR,1394409600000,11495.7628173828,241046.23697760917
193,,DAM/WEIR,1394409600000,-5303.42492675781,122845.53386031247
194,,DAM/WEIR,1394409600000,3656.84375,831128.7297450216
195,,DAM/WEIR,1553299200000,-3566.99462890625,153368.83490851498
196,,DAM/WEIR,1394409600000,-15154.7053222656,179350.20205861516
197,,DAM/WEIR,1394409600000,5575.05603027344,599422.2538588999
198,,LAKE/POND,1394409600000,-2534.19604492188,874573.7100713399
199,,LAKE/POND,1394409600000,-20911.6491699219,196514.82581333607
200,,LAKE/POND,1394409600000,13128.3050537109,310392.3302091319
201,,LAKE/POND,1553299200000,-27277.8913574219,777426.3203525152
202,,LAKE/POND,1394409600000,40135.4519042969,971828.2715919352
203,,LAKE/POND,1394409600000,4317.71545410156,500790.6113425359
204,,LAKE/POND,1394409600000,-2381.22021484375,143982.9689034931
205,,LAKE/POND,1394409600000,1954.11059570313,14034.880143143017
206,,SPILLWAY,1394409600000,-1115.93334960938,229732.83473982537
207,,STREAM/RIVER,1394409600000,7756.79919433594,131908.9037425246
208,,STREAM/RIVER,1394409600000,-32766.6264648438,677690.2300868225
209,,STREAM/RIVER,1394409600000,-17436.5168457031,121920.19954556365
210,,STREAM/RIVER,1394409600000,-9381.28015136719,506378.7922975393
211,,TUNNEL/CULVERT,1394409600000,1637.31945800781,694292.3151368866
212,,TUNNEL/CULVERT,1394409600000,3538.27111816406,581157.9164433711
213,,TUNNEL/CULVERT,1394409600000,2124.12048339844,199855.47431923996
214,,TUNNEL/CULVERT,1394409600000,1928.96936035156,804143.3096051184
215,,TUNNEL/CULVERT,1394409600000,11977.8814697266,715434.8734957104
216,,TUNNEL/CULVERT,1394409600000,8556.46801757813,739009.3665311463
217,,LAKE/POND,1553299200000,11367.2867431641,131144.51472440595
218,,RESERVOIR,1394409600000,14322.7795410156,123841.30451617592
219,,RESERVOIR,1394409600000,-13029.8100585938,927568.867188856
220,,TUNNEL/CULVERT,1394409600000,9990.74377441406,397638.0384273643
221,,LAKE/POND,1553299200000,4801.68566894531,301018.2959630699
222,,LAKE/POND,1394409600000,-6103.29028320313,488634.6983629528
223,,LAKE/POND,1394409600000,-3161.99340820313,662897.2634780933
224,,LAKE/POND,1553299200000,-38665.0744628906,955626.7390980081
225,,LAKE/POND,1394409600000,5003.09643554688,286517.29581313994
226,,RESERVOIR,1394409600000,-234397.44543457,924815.0236606665
227,,RESERVOIR,1394409600000,6672.96301269531,24956.980577626306
228,,LAKE/POND,1394409600000,2080.67297363281,555241.9673245497
229,,RESERVOIR,1394409600000,11119.8776855469,634011.0801948053
230,,RESERVOIR,1394409600000,-2526.45349121094,105986.70811297446
231,,RESERVOIR,1394409600000,5436.68835449219,140425.4227646092
232,,RESERVOIR,1394409600000,16673.1628417969,419171.9887700529
233,,RESERVOIR,1394409600000,-12491.5142822266,966234.3227200552
234,,LAKE/POND,1394409600000,-2639.34729003906,596082.3529364961
235,,RESERVOIR,1394409600000,-12378.3153076172,933028.9862548296
236,,RESERVOIR,1394409600000,-1979.71411132813,804379.6751604938
237,,RESERVOIR,1394409600000,22944.3352050781,467434.39601353445
238,,RESERVOIR,1394409600000,11666.4183349609,784784.1881438129
239,,RESERVOIR,1394409600000,19047.8693847656,17934.98246180606
240,,LAKE/POND,1394409600000,623911.169799805,109232.9732220616
241,,RESERVOIR,1553299200000,51.9237060546875,829444.8425926332
242,,LAKE/POND,1553299200000,8497.60412597656,796836.609799241
243,,LAKE/POND,1553299200000,29784.7928466797,232717.24525149507
244,,DAM/WEIR,1553299200000,-5510.58947753906,530815.982870403
245,,LAKE/POND,1553299200000,57937.8024902344,606054.6131021202
246,,STREAM/RIVER,1553299200000,-43249.6741943359,867751.3121416798
247,,DAM/WEIR,1553299200000,4721.26123046875,603146.2435158344
248,,STREAM/RIVER,1553299200000,7156.64819335938,412629.8995451837
249,,STREAM/RIVER,1553299200000,19544.4471435547,374246.25081879855
250,,RESERVOIR,1553299200000,-8770.41345214844,425939.07228278613
251,,LAKE/POND,1553299200000,7290.27734375,651965.1805463906
252,,LAKE/POND,1553299200000,-1509.53100585938,867503.0151985179
253,,LAKE/POND,1553299200000,5456.375,453951.03849121
254,,RESERVOIR,1553299200000,-976.850463867188,247914.53115550004
255,,DAM/WEIR,1394409600000,5798.86926269531,236738.46009891838
256,,DAM/WEIR,1394409600000,1120.42822265625,746038.9328011419
257,,DAM/WEIR,1553299200000,-13857.7760009766,816586.2899788045
258,,DAM/WEIR,1553299200000,-5289.55029296875,105367.4467680597
259,,DAM/WEIR,1394409600000,2933.14819335938,66652.13451062569
260,,DAM/WEIR,1394409600000,8459.611328125,594473.6259564124
261,,LAKE/POND,1394409600000,-9326.94580078125,146258.4806950348
262,,LAKE/POND,1394409600000,-59190.4686279297,824680.8993731053
263,,LAKE/POND,1394409600000,61383.8576660156,310403.3301220081
264,,LAKE/POND,1394409600000,52427.0286865234,143957.40190591256
265,,LAKE/POND,1553299200000,30034.2318115234,920977.454469729
266,,LAKE/POND,1394409600000,-10743.8060302734,165615.0040312819
267,,RESERVOIR,1394409600000,6792.89794921875,284791.32560961944
268,,LAKE/POND,1394409600000,-58410.677734375,153697.88023914423
269,,LAKE/POND,1394409600000,-20577.8569335938,115578.39916892476
270,,LAKE/POND,1394409600000,100233.362548828,21245.880386790053
271,,LAKE/POND,1553299200000,-1045783.32714844,55489.81422793452
272,,STREAM/RIVER,1553299200000,76839.0073242188,174723.83214728817
273,,TUNNEL/CULVERT,1394409600000,1504.87390136719,53476.54105198004
274,,LAKE/POND,1394409600000,34234.4060058594,591184.110585544
275,,LAKE/POND,1553299200000,6794.23828125,680745.7746322997
276,,RESERVOIR,1553299200000,-26806.2757568359,393690.7001558882
277,,LAKE/POND,1553299200000,-195487.561889648,318058.97985125723
278,,LAKE/POND,1553299200000,-432622.736694336,504575.27987229085
279,,RESERVOIR,1553299200000,40686.6363525391,875016.5667354428
280,,DAM/WEIR,1553299200000,14348.0294189453,851145.6625278969
281,,DAM/WEIR,1553299200000,-11823.2827148438,43570.671031528655
282,,DAM/WEIR,1394409600000,-12626.9512939453,181580.07825715482
283,,DAM/WEIR,1394409600000,-1436.21643066406,236820.95987241447
284,,RESERVOIR,1394409600000,9173.45446777344,249462.38768705277
285,,RESERVOIR,1394409600000,3520.76403808594,571274.9572449467
286,,SPILLWAY,1394409600000,1143.86901855469,416320.38319819624
287,,STREAM/RIVER,1553299200000,71762.48046875,49349.1452614813
288,,RESERVOIR,1394409600000,-7054.30981445313,373676.40343158715
289,,TUNNEL/CULVERT,1394409600000,9801.14562988281,523800.04966981674
290,,LAKE/POND,1394409600000,8261.06396484375,101761.6340415227
291,,LAKE/POND,1553299200000,-18646.1888427734,833474.3744746271
292,,LAKE/POND,1394409600000,1721.90197753906,52056.61831659128
293,,TUNNEL/CULVERT,1394409600000,-4857.72326660156,924848.4599892913
294,,TUNNEL/CULVERT,1394409600000,1780.87939453125,99203.13115257592
295,,TUNNEL/CULVERT,1394409600000,1266.1845703125,843589.7505276414
296,,TUNNEL/CULVERT,1394409600000,7493.82946777344,902661.9759600804
297,,RESERVOIR,1553299200000,9619.8173828125,979571.7439478535
298,,LAKE/POND,1553299200000,-14403.6318359375,802044.8756596859
299,,LAKE/POND,1553299200000,9240.48815917969,779498.8135397111
300,,LAKE/POND,1553299200000,530.070556640625,642518.3851846721
301,,LAKE/POND,1553299200000,535.498291015625,779017.6759463166
302,,LAKE/POND,1553299200000,3645.1142578125,134638.61864009735
303,,LAKE/POND,1553299200000,-1865.53186035156,536113.8930760066
304,,DAM/WEIR,1394409600000,11140.9951171875,514270.9336805252
305,,DAM/WEIR,1394409600000,7176.64489746094,857585.5293360011
306,,DAM/WEIR,1394409600000,-6447.21423339844,462852.6228575909
307,,DAM/WEIR,1394409600000,20591.5301513672,385150.60206124734
308,,DAM/WEIR,1394409600000,1472.96447753906,639598.6753467151
309,,DAM/WEIR,1394409600000,5391.65026855469,266536.40470577846
310,,DAM/WEIR,1553299200000,34034.2474365234,139854.29434445052
311,,DAM/WEIR,1394409600000,-26230.1190185547,477929.0084190694
312,,LAKE/POND,1394409600000,40811.8937988281,416947.26276865695
313,,LAKE/POND,1394409600000,-5656.77270507813,232646.4509648803
314,,RESERVOIR,1394409600000,13622.9274902344,367574.6914223064
315,,LAKE/POND,1394409600000,70871.8885498047,366455.44418881496
316,,RESERVOIR,1553299200000,24161.7911376953,327562.4873605398
317,,LAKE/POND,1394409600000,6334.6494140625,379525.75385487656
318,,LAKE/POND,1553299200000,982519.755493164,685774.0853780543
319,,LAKE/POND,1394409600000,4124.39172363281,296946.4900473536
320,,LAKE/POND,1394409600000,27022.9454345703,948862.0920647421
321,,LAKE/POND,1394409600000,48101.5953369141,916355.4683882046
322,,LAKE/POND,1394409600000,100820.81628418,480961.85634682025
323,,LAKE/POND,1394409600000,-10810.9683837891,328428.0405229833
324,,LAKE/POND,1553299200000,878512.753051758,535480.7109162303
325,,LAKE/POND,1394409600000,151901.278930664,848574.7841642584
326,,LAKE/POND,1394409600000,20086.3989257813,652621.4292387054
327,,LAKE/POND,1394409600000,3555.75378417969,804410.5843724548
328,,STREAM/RIVER,1553299200000,-16223.3330078125,532768.4711158576
329,,TUNNEL/CULVERT,1394409600000,3017.09008789063,632953.7045870647
330,,TUNNEL/CULVERT,1394409600000,-3454.35412597656,288226.5104654293
331,,RESERVOIR,1394409600000,-7409.73522949219,734918.9381008975
332,,RESERVOIR,1394409600000,19876.2044677734,202484.15026181264
333,,RESERVOIR,1394409600000,-35961.2906494141,694827.9542074875
334,,RESERVOIR,1394409600000,-19079.6066894531,860732.1356999931
335,,RESERVOIR,1553299200000,5231.05676269531,132189.49491497647
336,,LAKE/POND,1394409600000,3883.349609375,614417.688188125
337,,LAKE/POND,1394409600000,6911.04296875,95186.14355936338
338,,RESERVOIR,1394409600000,-19570.9683837891,725742.3309929714
339,,LAKE/POND,1553299200000,52484.63671875,84584.68500841905
340,,RESERVOIR,1553299200000,29408.2602539063,935945.2927785333
341,,RESERVOIR,1394409600000,86077.7502441406,137494.05183686834
342,,RESERVOIR,1394409600000,11548.2633056641,958883.3990042435
343,,RESERVOIR,1394409600000,-7182.72778320313,800903.2867833121
344,,STREAM/RIVER,1553299200000,11382.1105957031,593722.042583903
345,,LAKE/POND,1553299200000,-17997.126953125,782645.0595949793
346,,LAKE/POND,1553299200000,16592.7038574219,795134.5323843486
347,,LAKE/POND,1553299200000,-5984.67272949219,946031.5140839857
348,,LAKE/POND,1553299200000,4817.12121582031,253457.76212044945
349,,LAKE/POND,1553299200000,-11348.3363037109,590116.2976928779
350,,LAKE/POND,1553299200000,1915.98083496094,95139.59759544722
351,,LAKE/POND,1553299200000,-2571.35498046875,616203.4672884189
352,,LAKE/POND,1553299200000,1805.86596679688,171374.00367107545
353,,RESERVOIR,1553299200000,-17290.2840576172,564993.5514606831
354,,RESERVOIR,1553299200000,-13679.4226074219,572472.6985519322
355,,SPILLWAY,1427760000000,153.626953125,466038.08848077623
356,,DAM/WEIR,1427760000000,5803.72521972656,522678.989703796
357,,LAKE/POND,1427760000000,2650.67834472656,763946.2337441973
358,,TUNNEL/CULVERT,1427760000000,1311.51831054688,799263.9927956989
359,,TUNNEL/CULVERT,1427760000000,2139.52197265625,492203.50810065604
360,,LAKE/POND,1553299200000,62660.7015380859,599632.8825850185
361,,DAM/WEIR,1427760000000,-6943.931640625,931242.1808302972
362,,DAM/WEIR,1427760000000,31854.0180664063,119821.4954086842
363,,LAKE/POND,1553299200000,288370.467651367,117191.7384399546
364,,RESERVOIR,1553299200000,3282.12329101563,87800.15330056542
365,,LAKE/POND,1427760000000,1967.65002441406,657896.8408487387
366,,DAM/WEIR,1427760000000,1322.89636230469,418666.02135199966
367,,LAKE/POND,1519689600000,12083.0114746094,774343.2096788129
368,,LAKE/POND,1519689600000,58027.6540527344,671263.6189358485
369,,LAKE/POND,1553299200000,-4209.56823730469,333704.060914647
370,,LAKE/POND,1553299200000,2488.95874023438,898375.8123402522
371,,LAKE/POND,1519689600000,1378.94299316406,762555.1313237982
372,,LAKE/POND,1519689600000,26614.8892822266,270607.61688114377
373,,LAKE/POND,1553299200000,331425.116943359,364255.23437825905
374,,LAKE/POND,1553299200000,-8699.68884277344,314508.22176626226
375,,LAKE/POND,1553299200000,-16860.4105224609,157695.72984848853
376,,LAKE/POND,1553299200000,-23706.7233886719,147868.44642156488
377,,LAKE/POND,1519689600000,1924.16430664063,936132.914501943
378,,RESERVOIR,1519689600000,-4642.27026367188,437959.8088909962
379,,LAKE/POND,1519689600000,943.885620117188,383381.10747530934
380,,LAKE/POND,1553299200000,225400.91003418,729712.0104208015
381,,LAKE/POND,1519689600000,209.807006835938,553037.2129533094
382,,LAKE/POND,1519689600000,-3818.30847167969,936145.4366997916
383,,LAKE/POND,1519689600000,965.745727539063,780322.6834585073
384,,LAKE/POND,1553299200000,-8190.48889160156,479421.14779856376
385,,LAKE/POND,1553299200000,8314.82312011719,376421.46117400465
386,,LAKE/POND,1519689600000,-8505.97497558594,986631.8951382847
387,,LAKE/POND,1553299200000,-31821.7200927734,717787.7422198071
388,,LAKE/POND,1519689600000,-769.72216796875,951198.5893431808
389,,LAKE/POND,1519689600000,358.79052734375,118566.61088074243
390,,LAKE/POND,1519689600000,-308.166870117188,850547.7752891843
391,,LAKE/POND,1553299200000,34792.8315429688,637109.5395289245
392,,LAKE/POND,1519689600000,65479.1276855469,122009.36424560074
393,,LAKE/POND,1519689600000,17601.7906494141,588298.5859112238
394,,LAKE/POND,1553299200000,-112667.751708984,686127.0693725732
395,,LAKE/POND,1553299200000,-25479.3464355469,12401.443317328089
396,,LAKE/POND,1519689600000,910.322021484375,454372.07572760055
397,,LAKE/POND,1519689600000,-854.559326171875,825416.1458456903
398,,LAKE/POND,1553299200000,557935.288696289,295429.1940825301
399,,LAKE/POND,1553299200000,-2854.19226074219,458601.76844228944
400,,DAM/WEIR,1553299200000,22670.8087158203,442369.4533410593
401,,TUNNEL/CULVERT,1519689600000,-4096.30053710938,301996.8967759559
402,,TUNNEL/CULVERT,1519689600000,3431.70764160156,918449.1328841072
403,,DAM/WEIR,1519689600000,-8059.4033203125,781315.1247339373
404,,ROCK/ISLAND,1519689600000,513.85302734375,110677.24156659989
405,,SPILLWAY,1519689600000,-489.6513671875,997033.9573371315
406,,STREAM/RIVER,1553299200000,10120.0637207031,879211.2251052902
407,,SPILLWAY,1519689600000,1202.37438964844,283979.7631118147
408,,STREAM/RIVER,1553299200000,-7503.92395019531,836912.0531063925
409,,DAM/WEIR,1519689600000,-5065.97924804688,106508.78349866386
410,,DAM/WEIR,1519689600000,-17986.4984130859,999103.8208964608
411,,DAM/WEIR,1519689600000,-6287.86804199219,665717.5019481902
412,,DAM/WEIR,1519689600000,-36439.1311035156,650159.3529322256
413,,DAM/WEIR,1553299200000,9120.50146484375,90531.59247070734
414,,DAM/WEIR,1553299200000,6864.93725585938,897042.7985233366
415,,DAM/WEIR,1553299200000,-8239.59729003906,29096.574254645773
416,,DAM/WEIR,1519689600000,7829.30114746094,240903.73440728488
417,,DAM/WEIR,1519689600000,-2820.96630859375,143107.42995724318
418,,DAM/WEIR,1519689600000,2889.16357421875,776789.4871302086
419,,DAM/WEIR,1553299200000,-5285.84741210938,198284.20858594938
420,,DAM/WEIR,1519689600000,6129.07897949219,910646.252669945
421,,DAM/WEIR,1519689600000,4686.68444824219,656302.7561545181
422,,DAM/WEIR,1553299200000,-14905.2918701172,36259.05806093625
423,,DAM/WEIR,1553299200000,-5924.70959472656,5529.285715453463
424,,ROCK/ISLAND,1553299200000,-235.984130859375,51752.69956478047
425,,LAKE/POND,1553299200000,59317.9692382813,605963.9792047853
426,,LAKE/POND,1553299200000,5312.23999023438,801500.8611965185
427,,LAKE/POND,1553299200000,5493.33459472656,238628.7267925051
428,,LAKE/POND,1553299200000,56167.376953125,849423.0526299378
429,,LAKE/POND,1553299200000,1829.90344238281,57326.159727304905
430,,LAKE/POND,1553299200000,4195.46789550781,800982.9562924585
431,,LAKE/POND,1553299200000,5870.27282714844,927801.722833833
432,,DAM/WEIR,1553299200000,8512.03552246094,772130.416156071
433,,DAM/WEIR,1394409600000,-9970.44519042969,698150.2737794553
434,,DAM/WEIR,1394409600000,33700.6072998047,837995.5826532989
435,,DAM/WEIR,1394409600000,-45291.1685791016,40247.244265812165
436,,DAM/WEIR,1394409600000,-10665.6253662109,201861.73072587277
437,,DAM/WEIR,1394409600000,6730.10705566406,125011.0620140332
438,,DAM/WEIR,1553299200000,-46547.9692382813,504580.03256297705
439,,DAM/WEIR,1553299200000,-8841.29309082031,745212.8643278833
440,,RESERVOIR,1553299200000,-13206.4381103516,630048.2133800965
441,,SPILLWAY,1394409600000,495.42724609375,851145.135520859
442,,SPILLWAY,1394409600000,1321.97229003906,155297.31592885434
443,,LAKE/POND,1394409600000,-18511.7418212891,734646.8952048761
444,,LAKE/POND,1553299200000,-384663.055541992,193121.99367832634
445,,RESERVOIR,1553299200000,29673.2314453125,270831.4046839172
446,,LAKE/POND,1394409600000,13147.8994140625,709932.9969068785
447,,LAKE/POND,1394409600000,-18036.2840576172,980205.784215407
448,,RESERVOIR,1553299200000,14574.4754638672,611581.840072866
449,,LAKE/POND,1553299200000,8757.2392578125,54594.81045948147
450,,LAKE/POND,1553299200000,-42650.8677978516,616346.7227215702
451,,TUNNEL/CULVERT,1394409600000,1769.95068359375,42446.274174457496
452,,TUNNEL/CULVERT,1394409600000,1458.66748046875,884156.4126499691
453,,LAKE/POND,1553299200000,11793.0244140625,709606.6176938255
454,,RESERVOIR,1553299200000,6986.63537597656,173210.36051001455
455,,LAKE/POND,1553299200000,50501.4451904297,91811.74200260983
456,,LAKE/POND,1553299200000,11754.1021728516,183614.69202420206
457,,LAKE/POND,1553299200000,5847.78771972656,980028.1968090575
458,,LAKE/POND,1553299200000,25561.4739990234,458614.3278336015
459,,LAKE/POND,1553299200000,9235.00207519531,784101.7561656255
460,,DAM/WEIR,1553299200000,29724.1451416016,636444.064865224
461,,LAKE/POND,1553299200000,8495.33972167969,572455.3362304915
462,,ROCK/ISLAND,1553299200000,-360.173217773438,145215.59650932852
463,,ROCK/ISLAND,1553299200000,-173.97705078125,946028.9050882857
464,,LAKE/POND,1553299200000,10774.6385498047,301412.1969088339
465,,DAM/WEIR,1394409600000,2928.46740722656,578058.8360687456
466,,DAM/WEIR,1394409600000,-16210.0783691406,699805.2672186627
467,,DAM/WEIR,1553299200000,11914.3474121094,649267.5826966291
468,,DAM/WEIR,1553299200000,-13889.2471923828,940599.4096601392
469,,DAM/WEIR,1394409600000,-10329.4515380859,148523.99758207606
470,,DAM/WEIR,1394409600000,25285.5974121094,508401.3948203589
471,,DAM/WEIR,1394409600000,-5946.45922851563,404093.58326730115
472,,DAM/WEIR,1553299200000,6785.0927734375,474220.83844094037
473,,DAM/WEIR,1394409600000,-1108.1484375,119305.48522759865
474,,DAM/WEIR,1553299200000,358768.985961914,134181.06631716818
475,,DAM/WEIR,1394409600000,-6292.0595703125,278147.4601511335
476,,DAM/WEIR,1394409600000,6162.63854980469,304773.8285958515
477,,DAM/WEIR,1394409600000,310601.766723633,427959.99545676814
478,,DAM/WEIR,1394409600000,-6519.80615234375,611025.8372943776
479,,DAM/WEIR,1394409600000,-5681.68103027344,634665.0198774037
480,,LAKE/POND,1553299200000,-164238.972167969,411869.3036850151
481,,LAKE/POND,1394409600000,26296.4066162109,408841.8223346448
482,,LAKE/POND,1394409600000,48651.0336914063,217706.5462157656
483,,LAKE/POND,1394409600000,9043.04992675781,588346.8294779189
484,,LAKE/POND,1553299200000,2809.4326171875,317108.89018519485
485,,LAKE/POND,1394409600000,4945.56262207031,36156.19223410168
486,,RESERVOIR,1394409600000,4988.6162109375,418457.7857524005
487,,LAKE/POND,1394409600000,28415.0186767578,474184.78768998623
488,,LAKE/POND,1553299200000,111230.910888672,225670.08332452236
489,,LAKE/POND,1394409600000,64920.9857177734,572500.1148708704
490,,LAKE/POND,1394409600000,11538.1932373047,565814.7574699774
491,,LAKE/POND,1394409600000,-6146.34411621094,702031.2788900792
492,,RESERVOIR,1553299200000,-26004.0093994141,647983.0394045077
493,,TUNNEL/CULVERT,1394409600000,-2165.33935546875,652467.160782323
494,,LAKE/POND,1553299200000,522092.839477539,316282.21419470885
495,,LAKE/POND,1394409600000,-566525.833862305,787452.6913315332
496,,RESERVOIR,1394409600000,243837.491210938,549188.9200169359
497,,LAKE/POND,1553299200000,91249.3665771484,431474.62194217695
498,,LAKE/POND,1394409600000,29549.9040527344,626049.253680482
499,,RESERVOIR,1553299200000,5896.58056640625,360720.9080594748
500,,LAKE/POND,1553299200000,-3015.81311035156,512787.4579430529
501,,LAKE/POND,1394409600000,33399.5037841797,736731.2812076836
502,,LAKE/POND,1394409600000,-5666.37902832031,886413.3600321487
503,,LAKE/POND,1394409600000,4538.62670898438,921064.1705182649
504,,LAKE/POND,1553299200000,2140.6787109375,503682.0582576557
505,,LAKE/POND,1553299200000,272.906982421875,520322.5669539803
506,,RESERVOIR,1553299200000,8204.18969726563,799889.6238523494
507,,RESERVOIR,1553299200000,-4767.88403320313,314518.9322243351
508,,LAKE/POND,1553299200000,186329.039672852,837397.7867264717
509,,LAKE/POND,1553299200000,30149.6612548828,494191.7382111252
510,,LAKE/POND,1553299200000,148596.866455078,115945.02280611053
511,,LAKE/POND,1553299200000,-39457.8892822266,72151.86909908932
512,,LAKE/POND,1553299200000,-32682.6549072266,842008.1697251481
513,,LAKE/POND,1553299200000,38057.9279785156,55662.30454727031
514,,LAKE/POND,1553299200000,-9683.96948242188,280683.0943786064
515,,RESERVOIR,1553299200000,7108.54223632813,334196.2933674552
516,,LAKE/POND,1553299200000,166644.037963867,173076.97275262943
517,,LAKE/POND,1553299200000,793.189697265625,313961.66657163925
518,,LAKE/POND,1553299200000,-11824.9645996094,742717.5547758464
519,,LAKE/POND,1553299200000,25620.1254882813,14781.360592871202
520,,LAKE/POND,1553299200000,-124372.77355957,827189.8800048098
521,,LAKE/POND,1519689600000,4302.21142578125,856561.5122241771
522,,LAKE/POND,1553299200000,581256.647216797,372323.9747726558
523,,LAKE/POND,1519689600000,-34977.6943359375,153697.38415782969
524,,LAKE/POND,1553299200000,-51476.0401611328,600879.7230638784
525,,LAKE/POND,1519689600000,-27968.5959472656,119760.46893675199
526,,LAKE/POND,1553299200000,36488.8889160156,364982.5042227836
527,,LAKE/POND,1519689600000,3562.42907714844,958432.3795537014
528,,LAKE/POND,1553299200000,-28860.0764160156,995463.9306719062
529,,LAKE/POND,1553299200000,-8447.1904296875,772126.9087605588
530,,LAKE/POND,1553299200000,34008.1604003906,311030.1028082642
531,,LAKE/POND,1519689600000,-11852.3079833984,687695.5949961267
532,,LAKE/POND,1553299200000,6323.78198242188,705435.1194410988
533,,LAKE/POND,1519689600000,484.178344726563,387902.5231524382
534,,RESERVOIR,1519689600000,32978.4996337891,640923.9048340662
535,,LAKE/POND,1553299200000,28282.9847412109,10826.5614835337
536,,RESERVOIR,1519689600000,10919.3800048828,209136.54377872264
537,,LAKE/POND,1519689600000,53722.4517822266,525135.2690486615
538,,LAKE/POND,1519689600000,-4309.12731933594,163834.76537656577
539,,LAKE/POND,1519689600000,-8953.08374023438,165990.11128287812
540,,LAKE/POND,1519689600000,9615.16638183594,836319.8238168923
541,,LAKE/POND,1553299200000,-156441.544067383,989133.1002503345
542,,LAKE/POND,1553299200000,5414.25671386719,556013.2751162176
543,,LAKE/POND,1553299200000,4025.76318359375,839084.9848388943
544,,LAKE/POND,1553299200000,75066.6225585938,990321.6418381756
545,,LAKE/POND,1553299200000,-29261.5003662109,141681.58738402926
546,,LAKE/POND,1519689600000,3093.17993164063,448300.3404474124
547,,LAKE/POND,1519689600000,24334.1380615234,392633.0659976198
548,,LAKE/POND,1519689600000,-17423.6276855469,80141.19866853676
549,,LAKE/POND,1553299200000,38237.1774902344,755353.8844472922
550,,LAKE/POND,1553299200000,27018.7740478516,433835.2156408334
551,,LAKE/POND,1519689600000,9364.82666015625,469379.53217004804
552,,LAKE/POND,1519689600000,46115.5554199219,150757.75584288506
553,,LAKE/POND,1553299200000,-159755.821655273,181008.3786389928
554,,LAKE/POND,1553299200000,48052.1605224609,907112.0046903772
555,,DAM/WEIR,1553299200000,12172.6711425781,44744.57941629248
556,,DAM/WEIR,1519689600000,-3941.88220214844,232928.76686292692
557,,DAM/WEIR,1519689600000,5537.53833007813,292129.8323221666
558,,TUNNEL/CULVERT,1519689600000,-382.107788085938,490248.03244980384
559,,TUNNEL/CULVERT,1519689600000,-292.078735351563,586485.9420523214
560,,TUNNEL/CULVERT,1519689600000,229.853637695313,493340.1535631057
561,,TUNNEL/CULVERT,1519689600000,-254.643920898438,84206.83890809178
562,,TUNNEL/CULVERT,1519689600000,2521.26770019531,243742.84364285393
563,,ROCK/ISLAND,1519689600000,-367.484741210938,843603.1823356801
564,,ROCK/ISLAND,1553299200000,2092.203125,637624.3040197107
565,,ROCK/ISLAND,1519689600000,-1182.74694824219,649183.4860802108
566,,LAKE/POND,1553299200000,50044.5924072266,670235.5648225645
567,,LAKE/POND,1553299200000,-13050.6151123047,762925.9658346061
568,,STREAM/RIVER,1553299200000,3597.77282714844,58202.61276479347
569,,STREAM/RIVER,1519689600000,-1813.95690917969,366671.3574857342
570,,DAM/WEIR,1519689600000,-6902.81311035156,539572.9429907172
571,,DAM/WEIR,1519689600000,17819.6993408203,338522.299192513
572,,DAM/WEIR,1519689600000,6219.37805175781,844493.5809209845
573,,DAM/WEIR,1519689600000,264.723266601563,482623.76876392664
574,,DAM/WEIR,1519689600000,-9325.92236328125,768649.9580728437
575,,STREAM/RIVER,1553299200000,-55178.3875732422,852029.4633139641
576,,DAM/WEIR,1553299200000,9097.15625,504840.4989637248
577,,SPILLWAY,1519689600000,485.07861328125,909560.379094719
578,,SPILLWAY,1519689600000,-1406.50244140625,587164.6410189864
579,,SPILLWAY,1519689600000,2662.76196289063,850288.4211295395
580,,DAM/WEIR,1519689600000,4831.80541992188,340656.39592116955
581,,DAM/WEIR,1519689600000,9383.78112792969,498866.5780186735
582,,DAM/WEIR,1553299200000,-22049.3131103516,531457.3684894362
583,,DAM/WEIR,1519689600000,422.119262695313,105069.11294476507
584,,DAM/WEIR,1519689600000,-678.462280273438,398612.2528983638
585,,STREAM/RIVER,1553299200000,11558.4907226563,917345.0214467484
586,,STREAM/RIVER,1519689600000,-6626.09143066406,630868.5263084655
587,,DAM/WEIR,1519689600000,1567.61291503906,177588.65427214134
588,,DAM/WEIR,1519689600000,1336.95349121094,338921.4111904084
589,,DAM/WEIR,1553299200000,10113.4322509766,191683.6577587239
590,,DAM/WEIR,1519689600000,-21465.9631347656,24920.624662260885
591,,DAM/WEIR,1553299200000,-10096.6567382813,927466.7849977178
592,,STREAM/RIVER,1553299200000,6882.12036132813,448262.05931671755
593,,STREAM/RIVER,1519689600000,3492.22033691406,307604.0113784716
594,,STREAM/RIVER,1553299200000,10492.5870361328,598516.7453613892
595,,STREAM/RIVER,1553299200000,-14489.7843017578,7413.717532930042
596,,DAM/WEIR,1553299200000,5147.37854003906,278094.02636804717
597,,DAM/WEIR,1553299200000,-12858.7197265625,703062.4593188569
598,,DAM/WEIR,1553299200000,-5052.32922363281,633805.762322183
599,,DAM/WEIR,1519689600000,-2777.31945800781,981806.7851418337
600,,RESERVOIR,1553299200000,104517.213745117,620395.0535293686
601,,STREAM/RIVER,1553299200000,-9980.75231933594,477557.6455344964
602,,LAKE/POND,1553299200000,-517.7275390625,761455.6584951261
603,,LAKE/POND,1553299200000,7910.265625,903336.6358489847
604,,LAKE/POND,1553299200000,1582.01037597656,720723.156427733
605,,RESERVOIR,1553299200000,-12944.1907958984,963213.9392158011
606,,DAM/WEIR,1394409600000,-269.263305664063,782026.1882159327
607,,DAM/WEIR,1394409600000,17171.3841552734,866813.891316662
608,,DAM/WEIR,1394409600000,-1155.48852539063,114192.54667244764
609,,DAM/WEIR,1394409600000,-302.091918945313,732439.5292299853
610,,DAM/WEIR,1394409600000,273.68505859375,440144.2505687164
611,,LAKE/POND,1553299200000,-62508.8786621094,553147.9389272317
612,,LAKE/POND,1553299200000,22414.7021484375,654136.345138999
613,,LAKE/POND,1553299200000,-119757.592407227,969817.1653787822
614,,LAKE/POND,1553299200000,-26269.0889892578,984578.6390454001
615,,LAKE/POND,1394409600000,-16651.7263183594,288299.13443511096
616,,LAKE/POND,1394409600000,-34282.3566894531,733779.388334675
617,,LAKE/POND,1394409600000,-15149.9147949219,750007.7895979371
618,,LAKE/POND,1394409600000,-17572.0339355469,346557.86553405615
619,,ROCK/ISLAND,1456617600000,1861.80554199219,123957.26401695973
620,,ROCK/ISLAND,1456617600000,4801.23803710938,41042.8246427309
621,,ROCK/ISLAND,1456617600000,-4164.47021484375,777364.6158732981
622,,ROCK/ISLAND,1456617600000,2051.51342773438,489750.2821429824
623,,ROCK/ISLAND,1553299200000,241.268676757813,985540.6299378072
624,,LAKE/POND,1456617600000,24995.4543457031,465026.4938745775
625,,LAKE/POND,1456617600000,-35922.8552246094,977918.2094589538
626,,LAKE/POND,1456617600000,-5505.60522460938,411634.4330178383
627,,LAKE/POND,1456617600000,-17201.9722900391,793701.9886627661
628,,LAKE/POND,1553299200000,-18509.8428955078,84910.70556532856
629,,LAKE/POND,1456617600000,-2092.42626953125,555505.6085050399
630,,LAKE/POND,1456617600000,41994.5805664063,802078.7789472387
631,,LAKE/POND,1553299200000,26306.453125,924708.2723514994
632,,LAKE/POND,1456617600000,-82921.9162597656,822600.0097252793
633,,LAKE/POND,1553299200000,64647.4757080078,37066.99315772691
634,,LAKE/POND,1456617600000,-2827.34240722656,372764.6983702622
635,,LAKE/POND,1553299200000,20221.3774414063,48793.55376814757
636,,LAKE/POND,1553299200000,42876.6763916016,109371.25360315543
637,,LAKE/POND,1456617600000,-10248.2767333984,675337.4227989886
638,,LAKE/POND,1553299200000,111491.639282227,713286.1572338707
639,,LAKE/POND,1553299200000,41163.1184082031,773742.5369626684
640,,LAKE/POND,1553299200000,31418.0595703125,865469.1369443092
641,,LAKE/POND,1553299200000,10002.1182861328,739456.7858981937
642,,LAKE/POND,1553299200000,60871.359375,800890.7040758292
643,,LAKE/POND,1456617600000,-1229.91284179688,49058.76448858709
644,,LAKE/POND,1456617600000,-2905.60485839844,234611.462391104
645,,LAKE/POND,1456617600000,59113.5504150391,621934.9617001349
646,,LAKE/POND,1456617600000,-126452.219482422,858138.6339690561
647,,LAKE/POND,1456617600000,6870.82299804688,4599.670427040217
648,,LAKE/POND,1456617600000,1520.89990234375,514677.36455279606
649,,LAKE/POND,1456617600000,23841.8187255859,677318.9933370614
650,,LAKE/POND,1456617600000,-34185.3454589844,29704.298792411224
651,,LAKE/POND,1553299200000,6879.97973632813,401415.02064207505
652,,LAKE/POND,1456617600000,-44983.9908447266,895644.4222606771
653,,RESERVOIR,1456617600000,-32956.5390625,671644.9759621642
654,,RESERVOIR,1456617600000,-9217.46606445313,237734.3598658979
655,,LAKE/POND,1553299200000,782914.395141602,852794.9987378198
656,,LAKE/POND,1456617600000,634779.845214844,348096.27223574993
657,,LAKE/POND,1456617600000,-23460.3032226563,853358.4833322739
658,,LAKE/POND,1553299200000,524846.753540039,299013.45781014254
659,,TUNNEL/CULVERT,1456617600000,-381.868774414063,590360.6285378098
660,,TUNNEL/CULVERT,1456617600000,1866.84106445313,396999.9768009916
661,,TUNNEL/CULVERT,1456617600000,-3726.63061523438,274897.2934249408
662,,TUNNEL/CULVERT,1456617600000,1521.78857421875,886568.0198580899
663,,DAM/WEIR,1456617600000,1215.18725585938,187674.73497761544
664,,DAM/WEIR,1456617600000,1984.50927734375,84903.02526504829
665,,DAM/WEIR,1456617600000,-5067.65563964844,341992.4039248673
666,,DAM/WEIR,1456617600000,5345.01025390625,717666.6660876557
667,,DAM/WEIR,1456617600000,21173.7023925781,807450.0553840781
668,,DAM/WEIR,1456617600000,3833.74401855469,998742.4969863881
669,,DAM/WEIR,1456617600000,6199.49890136719,296432.12444340676
670,,DAM/WEIR,1456617600000,15516.5845947266,408000.7489942179
671,,DAM/WEIR,1456617600000,-3171.44055175781,136907.4590805453
672,,DAM/WEIR,1553299200000,17406.7983398438,574913.8675581417
673,,DAM/WEIR,1456617600000,-12169.1708984375,997579.2816791537
674,,DAM/WEIR,1553299200000,4378.81127929688,700910.2211386363
675,,DAM/WEIR,1553299200000,-8734.76403808594,595252.72391649
676,,DAM/WEIR,1456617600000,-4387.29370117188,392429.4636434089
677,,DAM/WEIR,1456617600000,2506.01025390625,915306.315110766
678,,DAM/WEIR,1553299200000,2878.90832519531,496966.40755414026
679,,DAM/WEIR,1456617600000,9332.73010253906,134453.34225481687
680,,DAM/WEIR,1456617600000,5101.82922363281,365441.5599743504
681,,DAM/WEIR,1456617600000,-3034.91088867188,67259.88501421327
682,,DAM/WEIR,1553299200000,-3421.73303222656,202058.63780597498
683,,ROCK/ISLAND,1456617600000,-1923.13671875,17766.996453031214
684,,LAKE/POND,1519689600000,26308.3935546875,453334.1352285969
685,,LAKE/POND,1519689600000,223804.307373047,634576.176385037
686,,LAKE/POND,1553299200000,162703.581298828,343357.7898402075
687,,LAKE/POND,1519689600000,13627.9473876953,420439.3129463551
688,,LAKE/POND,1553299200000,-153833.55065918,959212.3927080187
689,,LAKE/POND,1519689600000,65353.0427246094,751987.1732996365
690,,LAKE/POND,1553299200000,23573.4783935547,540902.0104246198
691,,LAKE/POND,1519689600000,9501.51379394531,284612.13648343895
692,,LAKE/POND,1519689600000,-19248.8623046875,897006.2020963192
693,,LAKE/POND,1553299200000,-8375.41259765625,235173.37207185454
694,,LAKE/POND,1519689600000,34165.7486572266,325409.87090089486
695,,RESERVOIR,1519689600000,-10227.8074951172,909072.9988766918
696,,LAKE/POND,1553299200000,25633.0189208984,529588.5715374886
697,,LAKE/POND,1519689600000,-6120.90173339844,742342.9753050854
698,,LAKE/POND,1553299200000,20213.1232910156,590785.1289395556
699,,LAKE/POND,1553299200000,106392.483764648,653473.2116493852
700,,LAKE/POND,1553299200000,53989.0955810547,299453.05380238255
701,,LAKE/POND,1553299200000,-41918.2391357422,241447.68304843863
702,,LAKE/POND,1553299200000,-43233.9212646484,322559.77544160123
703,,LAKE/POND,1553299200000,-5917.57397460938,155525.86448545003
704,,LAKE/POND,1519689600000,5184.8291015625,874326.0595399131
705,,LAKE/POND,1519689600000,-132743.654541016,283318.3253098558
706,,LAKE/POND,1519689600000,7323.62890625,561532.6839855488
707,,LAKE/POND,1553299200000,-13969.1539306641,791994.4357244348
708,,LAKE/POND,1519689600000,-52589.4943847656,783844.9431406666
709,,LAKE/POND,1519689600000,28712.2647705078,438441.98157207586
710,,LAKE/POND,1519689600000,5843.45056152344,476309.2065985584
711,,LAKE/POND,1553299200000,30187.5805664063,994701.2840583824
712,,LAKE/POND,1519689600000,2101.41564941406,674629.3426338491
713,,LAKE/POND,1519689600000,99654.7879638672,814656.1646351278
714,,LAKE/POND,1553299200000,219600.293334961,902562.8112683408
715,,RESERVOIR,1519689600000,7263.60363769531,787610.2896558801
716,,LAKE/POND,1519689600000,-5131.779296875,185260.64183972726
717,,LAKE/POND,1519689600000,5412.64599609375,562213.9544934647
718,,LAKE/POND,1519689600000,8253.49621582031,101983.86600465611
719,,LAKE/POND,1519689600000,-22307.7414550781,652956.1814292155
720,,LAKE/POND,1553299200000,24020.2526855469,955352.937895564
721,,LAKE/POND,1519689600000,31536.345703125,512780.278361617
722,,LAKE/POND,1553299200000,110144.093383789,433028.76264598756
723,,LAKE/POND,1553299200000,-5885.14819335938,35939.13130026994
724,,LAKE/POND,1519689600000,1731.12817382813,959777.5851024651
725,,LAKE/POND,1553299200000,80940.8596191406,103092.28085906163
726,,LAKE/POND,1553299200000,-19326.6304931641,41174.94431642315
727,,LAKE/POND,1519689600000,-30419.3273925781,246141.75877717647
728,,LAKE/POND,1553299200000,-20711.3468017578,65623.81534455667
729,,LAKE/POND,1553299200000,-65153.0158691406,455171.87550967874
730,,LAKE/POND,1553299200000,42322.1875,516135.6763891854
731,,LAKE/POND,1553299200000,165716.732177734,312638.37946373207
732,,LAKE/POND,1519689600000,-30234.8734130859,51055.335566145994
733,,LAKE/POND,1519689600000,-1887.23400878906,111689.09661203352
734,,LAKE/POND,1553299200000,29765.435546875,384565.5430477511
735,,RESERVOIR,1553299200000,-13332.5698242188,60622.33745300265
736,,LAKE/POND,1519689600000,19953.1311035156,698219.2084476268
737,,LAKE/POND,1519689600000,-50641.5184326172,207099.63245011796
738,,DAM/WEIR,1519689600000,-6371.66796875,302141.0595551914
739,,DAM/WEIR,1519689600000,9507.4765625,394185.9704746025
740,,DAM/WEIR,1519689600000,-4326.12744140625,416667.5554962079
741,,DAM/WEIR,1519689600000,1135.72058105469,1760.5399433253774
742,,DAM/WEIR,1553299200000,-8448.60681152344,112159.05189122667
743,,DAM/WEIR,1519689600000,627.291870117188,862777.4245199403
744,,DAM/WEIR,1519689600000,2694.42724609375,1332.9379725944314
745,,DAM/WEIR,1553299200000,5015.91687011719,508216.030909938
746,,DAM/WEIR,1553299200000,-8634.49609375,489552.5668045509
747,,DAM/WEIR,1519689600000,6220.79943847656,333160.51850037574
748,,DAM/WEIR,1519689600000,15551.8859863281,431383.45611741487
749,,DAM/WEIR,1553299200000,-10149.2333984375,780602.2988316942
750,,DAM/WEIR,1519689600000,-7894.29272460938,841218.7446406287
751,,DAM/WEIR,1553299200000,11567.7587890625,260422.2482123651
752,,DAM/WEIR,1553299200000,-26426.0870361328,322557.86943319207
753,,DAM/WEIR,1519689600000,6620.38940429688,242558.36226017686
754,,RESERVOIR,1519689600000,18466.5489501953,479914.93434760947
755,,RESERVOIR,1519689600000,-5581.07727050781,683289.3485646894
756,,DAM/WEIR,1519689600000,2157.51135253906,228329.82192299873
757,,DAM/WEIR,1519689600000,2681.8037109375,330802.3377449191
758,,DAM/WEIR,1553299200000,-2219.58618164063,930390.6487427739
759,,DAM/WEIR,1553299200000,20423.0179443359,48664.38434868353
760,,DAM/WEIR,1519689600000,-10646.0811767578,460823.06750943704
761,,DAM/WEIR,1519689600000,-8144.55969238281,711586.1742345765
762,,DAM/WEIR,1519689600000,9343.80847167969,150538.81570230675
763,,DAM/WEIR,1553299200000,-6745.80505371094,47469.2352294613
764,,DAM/WEIR,1553299200000,7544.74719238281,138291.41289599525
765,,DAM/WEIR,1519689600000,-9807.12756347656,918830.3923881362
766,,DAM/WEIR,1519689600000,7221.716796875,9358.84658315948
767,,DAM/WEIR,1553299200000,-12962.7193603516,188402.95429189588
768,,DAM/WEIR,1519689600000,8600.48803710938,31380.353266841485
769,,DAM/WEIR,1519689600000,4461.26342773438,110718.29398597949
770,,DAM/WEIR,1553299200000,23756.1883544922,620186.6515503469
771,,DAM/WEIR,1519689600000,5780.09155273438,241714.50320930313
772,,DAM/WEIR,1519689600000,5285.49291992188,569254.5600135833
773,,DAM/WEIR,1553299200000,13956.3400878906,590235.7730324668
774,,DAM/WEIR,1553299200000,11717.6213378906,849449.5401211369
775,,DAM/WEIR,1519689600000,5000.91052246094,4840.914031189822
776,,DAM/WEIR,1519689600000,1470.99206542969,853383.2690269732
777,,DAM/WEIR,1519689600000,11860.0938720703,619156.5553992449
778,,DAM/WEIR,1519689600000,-2415.56079101563,162827.04901286098
779,,DAM/WEIR,1553299200000,3689.83764648438,772959.3214590823
780,,DAM/WEIR,1553299200000,10716.4711914063,855505.1371448649
781,,DAM/WEIR,1519689600000,-2668.77502441406,254337.80314229813
782,,DAM/WEIR,1519689600000,-1667.41394042969,918800.8827409097
783,,DAM/WEIR,1519689600000,1613.27722167969,454511.53009819763
784,,DAM/WEIR,1519689600000,6362.04528808594,603463.5084634338
785,,DAM/WEIR,1519689600000,-572.679077148438,984650.0840147482
786,,DAM/WEIR,1553299200000,-992.681640625,361599.56349525676
787,,STREAM/RIVER,1519689600000,-27597.8385009766,813177.216726185
788,,DAM/WEIR,1553299200000,2995.4697265625,318466.959517559
789,,LAKE/POND,1553299200000,21256.6798095703,799232.8016757446
790,,LAKE/POND,1553299200000,14666.8911132813,600773.2447368373
791,,LAKE/POND,1553299200000,5118.63745117188,216433.84330018368
792,,LAKE/POND,1553299200000,2896.12756347656,414084.2771537637
793,,LAKE/POND,1553299200000,-1914.83215332031,317703.55316449096
794,,LAKE/POND,1553299200000,33870.2191162109,78200.50413266277
795,,LAKE/POND,1553299200000,-6198.40185546875,29931.756787917413
796,,DAM/WEIR,1553299200000,-2692.04333496094,346543.6610629848
797,,DAM/WEIR,1553299200000,1754.10864257813,19132.225368557014
798,,LAKE/POND,1553299200000,15587.4348144531,165571.04331825927
799,,DAM/WEIR,1394409600000,-10134.1895751953,725210.0773354628
800,,LAKE/POND,1394409600000,86249.8837890625,708119.7184687839
801,,LAKE/POND,1553299200000,70919.7380371094,738605.7898383505
802,,LAKE/POND,1553299200000,-8523.15759277344,317221.13865969464
803,,DAM/WEIR,1553299200000,-7268.22766113281,890029.5651525266
804,,DAM/WEIR,1394409600000,-3504.58276367188,593870.5711430967
805,,DAM/WEIR,1394409600000,8248.57250976563,126113.61308611011
806,,DAM/WEIR,1553299200000,16604.8892822266,143804.14587072714
807,,DAM/WEIR,1394409600000,5555.25256347656,693125.4242915816
808,,LAKE/POND,1553299200000,-131549.979125977,173026.4691044974
809,,LAKE/POND,1553299200000,6927.29089355469,507341.4650191835
810,,DAM/WEIR,1553299200000,7447.50817871094,991774.3067066419
811,,DAM/WEIR,1394409600000,5966.16784667969,4107.19996526143
812,,DAM/WEIR,1394409600000,-1360.34594726563,16678.12733756527
813,,LAKE/POND,1394409600000,21332.2067871094,993084.2803877315
814,,LAKE/POND,1394409600000,66654.1430664063,584679.785611918
815,,LAKE/POND,1394409600000,-3410.47448730469,126997.15761098576
816,,LAKE/POND,1394409600000,-72030.0120849609,897311.5722319185
817,,LAKE/POND,1394409600000,-36820.2685546875,880391.3817173793
818,,LAKE/POND,1394409600000,-5058.72583007813,536246.256869651
819,,LAKE/POND,1394409600000,30875.353515625,621829.2288657406
820,,LAKE/POND,1394409600000,-124099.261962891,273259.5995945347
821,,TUNNEL/CULVERT,1394409600000,-6170.96545410156,50614.59388267158
822,,RESERVOIR,1394409600000,4539.83325195313,594607.5575623664
823,,TUNNEL/CULVERT,1394409600000,-1668.77941894531,294825.4229282495
824,,ROCK/ISLAND,1394409600000,-54.62353515625,663654.0209346393
825,,LAKE/POND,1553299200000,5688.48291015625,836260.7160797401
826,,LAKE/POND,1553299200000,-2110.07104492188,18258.709699428706
827,,LAKE/POND,1553299200000,-54376.3907470703,595753.6075944841
828,,LAKE/POND,1553299200000,-27471.8494873047,231357.1803523439
829,,LAKE/POND,1553299200000,-7123.58703613281,873900.2351655131
830,,LAKE/POND,1553299200000,3339.73620605469,253738.88644666574
831,,LAKE/POND,1553299200000,-24865.9493408203,610808.4454519615
832,,LAKE/POND,1553299200000,-124.472045898438,553584.9324647624
833,,LAKE/POND,1553299200000,1526728.26391602,396226.4872427429
834,,LAKE/POND,1553299200000,2259754.29516602,677652.3239026705
835,,RESERVOIR,1553299200000,-17987.8509521484,725796.3319823276
836,,LAKE/POND,1553299200000,-102310.181640625,566980.5346020595
837,,DAM/WEIR,1394409600000,4004.68347167969,758445.6365387985
838,,DAM/WEIR,1394409600000,19999.9013671875,983417.7508682623
839,,DAM/WEIR,1394409600000,14396.3663330078,419330.04138962715
840,,DAM/WEIR,1394409600000,-4034.57543945313,514631.07899729046
841,,DAM/WEIR,1394409600000,-6425.08032226563,12568.618483541173
842,,DAM/WEIR,1394409600000,14896.2749023438,796048.157426191
843,,DAM/WEIR,1553299200000,17825.5278320313,520277.5238092222
844,,DAM/WEIR,1394409600000,10888.7023925781,408020.2262560988
845,,DAM/WEIR,1394409600000,-276.38037109375,94162.46182112378
846,,DAM/WEIR,1394409600000,1509.57092285156,889666.5663768081
847,,DAM/WEIR,1394409600000,-10061.5057373047,395067.34430931235
848,,DAM/WEIR,1394409600000,1904.28039550781,682612.6574678012
849,,DAM/WEIR,1394409600000,2111.72314453125,149459.0695783576
850,,DAM/WEIR,1394409600000,21039.0476074219,961552.5130284489
851,,DAM/WEIR,1394409600000,-2739.89807128906,178523.73920388691
852,,DAM/WEIR,1394409600000,2503.37902832031,199621.83915820753
853,,DAM/WEIR,1394409600000,5576.52954101563,858996.1032887974
854,,DAM/WEIR,1394409600000,1685.73645019531,912590.5732847728
855,,DAM/WEIR,1394409600000,-16981.5361328125,212225.98063514155
856,,DAM/WEIR,1394409600000,5153.26965332031,469853.4382851222
857,,DAM/WEIR,1394409600000,-3700.0205078125,733520.821577469
858,,DAM/WEIR,1394409600000,-8024.80590820313,878377.0188716868
859,,DAM/WEIR,1394409600000,-2547.53503417969,379114.41071510647
860,,DAM/WEIR,1394409600000,-11770.2515869141,517067.2678812574
861,,LAKE/POND,1394409600000,-53182.8179931641,741741.4971622725
862,,LAKE/POND,1394409600000,3986.7333984375,731162.1319191535
863,,LAKE/POND,1394409600000,-24322.1649169922,782981.0510529523
864,,LAKE/POND,1394409600000,-164977.770629883,569976.2553258436
865,,LAKE/POND,1394409600000,-35966.9013671875,104704.53067999793
866,,LAKE/POND,1394409600000,-69718.966796875,903981.9895756614
867,,LAKE/POND,1394409600000,21334.1157226563,865585.1164945568
868,,LAKE/POND,1553299200000,32776.3475341797,798116.8279773154
869,,LAKE/POND,1394409600000,-12311.4587402344,99952.39105053626
870,,LAKE/POND,1394409600000,231170.839355469,204476.72294735396
871,,LAKE/POND,1394409600000,3960.85656738281,743625.261470776
872,,LAKE/POND,1553299200000,3771.28820800781,23237.75743239366
873,,LAKE/POND,1394409600000,-2703.0927734375,979225.7320192752
874,,LAKE/POND,1553299200000,-48847.4285888672,377206.5887429648
875,,LAKE/POND,1394409600000,19356.3447265625,719339.8831249208
876,,LAKE/POND,1394409600000,90368.2409667969,887581.443808106
877,,LAKE/POND,1553299200000,10383.267578125,394690.0305313791
878,,LAKE/POND,1553299200000,74519.1004638672,319200.2562183175
879,,LAKE/POND,1394409600000,-995385.739624023,608779.646044228
880,,LAKE/POND,1394409600000,2383.98828125,581030.6938213021
881,,LAKE/POND,1394409600000,2314.95666503906,409198.65448705707
882,,LAKE/POND,1394409600000,-123208.282958984,601813.9766173658
883,,LAKE/POND,1553299200000,1878.25537109375,935386.8960481685
884,,LAKE/POND,1553299200000,281823.587646484,467693.0249606772
885,,LAKE/POND,1394409600000,98718.2042236328,196822.3097903755
886,,LAKE/POND,1553299200000,10758.3458251953,377267.8850787327
887,,LAKE/POND,1553299200000,936936.542480469,394167.1777878767
888,,LAKE/POND,1553299200000,39651.849609375,131195.4510482242
889,,LAKE/POND,1394409600000,73077.0612792969,162955.0505329989
890,,SPILLWAY,1553299200000,-1943.82373046875,684592.9326242645
891,,SPILLWAY,1394409600000,-1610.26940917969,339543.4669557276
892,,STREAM/RIVER,1394409600000,-71036.6842041016,954901.9471182302
893,,TUNNEL/CULVERT,1394409600000,-1365.31262207031,243672.1420873262
894,,RESERVOIR,1394409600000,-2903.70654296875,99014.51372980673
895,,DAM/WEIR,1394409600000,3959.43298339844,753528.4590393949
896,,DAM/WEIR,1394409600000,-10824.5732421875,881047.0672766264
897,,DAM/WEIR,1394409600000,-2631.33825683594,278185.26742244384
898,,ROCK/ISLAND,1394409600000,504.679809570313,202167.69074721177
899,,ROCK/ISLAND,1394409600000,-567.743286132813,185847.37249146518
900,,DAM/WEIR,1394409600000,3105.30688476563,522059.5781240743
901,,ROCK/ISLAND,1394409600000,11243.8537597656,468469.33116600505
902,,LAKE/POND,1394409600000,7662.62512207031,259513.63643070892
903,,LAKE/POND,1553299200000,-3811.33483886719,45268.55450461045
904,,LAKE/POND,1553299200000,-40988.8809814453,481542.70970090776
905,,DAM/WEIR,1394409600000,15943.1879882813,959335.4550684972
906,,DAM/WEIR,1394409600000,1358.52624511719,652553.2963133872
907,,DAM/WEIR,1394409600000,-4826.07238769531,495556.5104663989
908,,DAM/WEIR,1394409600000,7664.21667480469,110780.89413013913
909,,DAM/WEIR,1394409600000,12618.4887695313,252510.79448424178
910,,DAM/WEIR,1394409600000,-815.1474609375,294844.1774056357
911,,DAM/WEIR,1394409600000,10981.8444824219,764826.307448421
912,,DAM/WEIR,1394409600000,-1600.74450683594,876722.2494740955
913,,LAKE/POND,1394409600000,-44573.1867675781,901650.7877392282
914,,LAKE/POND,1394409600000,24333.6462402344,984569.1668213208
915,,LAKE/POND,1394409600000,-2302.22839355469,982367.4640695389
916,,LAKE/POND,1394409600000,56351.8146972656,953002.8798555719
917,,LAKE/POND,1394409600000,12407.4406738281,71914.88646669358
918,,LAKE/POND,1553299200000,-26865.2145996094,137879.61878067648
919,,LAKE/POND,1553299200000,131540.305053711,304535.7753568588
920,,LAKE/POND,1553299200000,-19982.5667724609,552942.4113408009
921,,LAKE/POND,1394409600000,-7403.42517089844,97068.09393872005
922,,LAKE/POND,1553299200000,66077.4468994141,845811.5323094045
923,,LAKE/POND,1553299200000,102955.082763672,616793.8867032223
924,,LAKE/POND,1553299200000,90068.8162841797,542409.6234975724
925,,LAKE/POND,1394409600000,-486204.969482422,165394.62692363106
926,,ROCK/ISLAND,1553299200000,-430.786376953125,253329.89559728294
927,,ROCK/ISLAND,1394409600000,855.013305664063,160395.83346773483
928,,STREAM/RIVER,1553299200000,-176155.408935547,851947.1125458613
929,,TUNNEL/CULVERT,1394409600000,-1549.109375,584268.853047352
930,,DAM/WEIR,1394409600000,1357.69799804688,735155.1794474539
931,,DAM/WEIR,1553299200000,-3053.10046386719,296102.96359087183
932,,ROCK/ISLAND,1394409600000,-4461.16577148438,371315.14057193126
933,,ROCK/ISLAND,1553299200000,-1246.18127441406,404914.07407512673
934,,DAM/WEIR,1394409600000,1162.64587402344,760038.2102318887
935,,DAM/WEIR,1394409600000,212.658569335938,772374.980022813
936,,LAKE/POND,1519689600000,46090.7869873047,206892.6393477528
937,,LAKE/POND,1519689600000,-4634.51416015625,941543.7613135685
938,,LAKE/POND,1519689600000,-18773.6968994141,120743.15125460459
939,,LAKE/POND,1519689600000,31180.3767089844,896131.5740933055
940,,LAKE/POND,1519689600000,-4997.64660644531,100485.50568959866
941,,LAKE/POND,1519689600000,724.737670898438,264613.0926303848
942,,LAKE/POND,1519689600000,19078.7138671875,846493.0417358141
943,,LAKE/POND,1519689600000,23100.1063232422,179573.94364678048
944,,DAM/WEIR,1519689600000,7065.28601074219,413626.16094890755
945,,DAM/WEIR,1553299200000,8518.15734863281,449913.86415483186
946,,TUNNEL/CULVERT,1519689600000,-1416.7587890625,245334.2018669343
947,,DAM/WEIR,1519689600000,9525.04479980469,710273.4665706516
948,,DAM/WEIR,1519689600000,6636.18005371094,851348.6646026142
949,,DAM/WEIR,1519689600000,922.538818359375,874586.8077664464
950,,DAM/WEIR,1519689600000,2863.67138671875,339387.8741998416
951,,DAM/WEIR,1519689600000,420.50537109375,530896.7783979913
952,,DAM/WEIR,1519689600000,1042.39990234375,248481.31481886105
953,,LAKE/POND,1553299200000,-19956.4645996094,244871.77710348886
954,,LAKE/POND,1553299200000,1965.22485351563,161337.77619157606
955,,LAKE/POND,1553299200000,286359.479003906,940024.0688874231
956,,RESERVOIR,1553299200000,-3376.75476074219,887999.1417338907
957,,STREAM/RIVER,1553299200000,2414.15625,777380.2000976461
958,,TUNNEL/CULVERT,1519689600000,2373.87902832031,517709.23747407895
959,,DAM/WEIR,1394409600000,-24439.6042480469,490658.36411240516
960,,DAM/WEIR,1394409600000,-6849.45239257813,529792.1618702136
961,,DAM/WEIR,1394409600000,733.52197265625,536613.820207718
962,,DAM/WEIR,1553299200000,-11666.8031005859,434619.1938261359
963,,DAM/WEIR,1394409600000,-1489.32263183594,131841.52565394537
964,,LAKE/POND,1553299200000,37850.4732666016,125751.16081939626
965,,LAKE/POND,1553299200000,-19079.2718505859,952253.5386243829
966,,LAKE/POND,1394409600000,-22843.3560791016,482082.0744796323
967,,LAKE/POND,1394409600000,2613.69982910156,953209.2511471736
968,,LAKE/POND,1394409600000,-15165.4978027344,163660.35644546125
969,,LAKE/POND,1394409600000,6942.33093261719,554460.5559681775
970,,LAKE/POND,1394409600000,6502.76232910156,207796.27390895074
971,,LAKE/POND,1394409600000,183685.637207031,253259.03448138275
972,,LAKE/POND,1394409600000,5442.98974609375,30151.543248723905
973,,SPILLWAY,1394409600000,574.079223632813,119041.29645582655
974,,ROCK/ISLAND,1553299200000,-2048.39318847656,916855.8059400251
975,,LAKE/POND,1553299200000,14113.4359130859,321600.51665019203
976,,LAKE/POND,1553299200000,-12622.8991699219,608167.7908641882
977,,LAKE/POND,1553299200000,14013.0502929688,465067.1655619421
978,,LAKE/POND,1553299200000,41012.7984619141,400510.79966950853
979,,LAKE/POND,1553299200000,-46497.9993896484,531932.3708508422
980,,LAKE/POND,1553299200000,-20019.787109375,187320.03348193536
981,,LAKE/POND,1553299200000,32497.0178222656,988604.049525826
982,,RESERVOIR,1553299200000,-14581.7532958984,818325.2196091239
983,,RESERVOIR,1553299200000,-4825.32250976563,741639.7296536095
984,,ROCK/ISLAND,1553299200000,-43895.2609863281,468811.95232495404
985,,RESERVOIR,1553299200000,6042.52136230469,152961.68153700122
986,,RESERVOIR,1553299200000,3017.60522460938,920672.8710218822
987,,RESERVOIR,1553299200000,7120.16625976563,341452.5872879221
988,,RESERVOIR,1553299200000,40444.1956787109,50201.62892127438
989,,LAKE/POND,1553299200000,-32919.0384521484,342469.09403927077
990,,LAKE/POND,1553299200000,-14303.3685302734,794476.7903358042
991,,LAKE/POND,1553299200000,10315.3963623047,622745.8514049643
992,,DAM/WEIR,1553299200000,27433.6059570313,750862.7500478004
993,,DAM/WEIR,1553299200000,93025.6779785156,793655.2266886074
994,,RESERVOIR,1553299200000,18.1602783203125,212033.20366482346
995,,RESERVOIR,1553299200000,7612.48791503906,923790.0139782547
996,,LAKE/POND,1456617600000,35924.0251464844,438045.36597047764
997,,LAKE/POND,1456617600000,2420.39709472656,639049.1088855889
998,,LAKE/POND,1456617600000,194315.941650391,2408.539400710742
999,,LAKE/POND,1456617600000,12097.5650634766,993368.1681928386
1000,,LAKE/POND,1456617600000,113737.272827148,280968.0154291727
1001,,LAKE/POND,1456617600000,229637.609008789,62156.83816639468
1002,,LAKE/POND,1456617600000,14450.923828125,458315.75707031874
1003,,LAKE/POND,1456617600000,-3633.72839355469,129117.02514626636
1004,,LAKE/POND,1456617600000,-8673.25012207031,152411.3251598498
1005,,LAKE/POND,1456617600000,9018.52453613281,632318.9524660942
1006,,LAKE/POND,1456617600000,15013.8460693359,392987.70590368466
1007,,LAKE/POND,1456617600000,20184.2404785156,921859.3430575294
1008,,LAKE/POND,1456617600000,1662.21997070313,319224.2598021146
1009,,LAKE/POND,1456617600000,-6275.291015625,726206.7841909344
1010,,LAKE/POND,1456617600000,33405.1507568359,461152.85911246197
1011,,LAKE/POND,1456617600000,3211.57678222656,659984.6460478647
1012,,LAKE/POND,1456617600000,8979.6064453125,599734.787484962
1013,,LAKE/POND,1456617600000,31856.6613769531,472836.22157774953
1014,,LAKE/POND,1456617600000,-4094.20837402344,950065.1384538801
1015,,LAKE/POND,1456617600000,218727.607666016,342779.0286770376
1016,,LAKE/POND,1456617600000,1072.30993652344,177317.60046364638
1017,,LAKE/POND,1456617600000,8573.46704101563,678125.5733796794
1018,,LAKE/POND,1456617600000,10367.2028808594,846022.1145442167
1019,,LAKE/POND,1456617600000,-878771.424194336,40349.674312189825
1020,,LAKE/POND,1456617600000,36663.3297119141,449687.27552114986
1021,,LAKE/POND,1456617600000,4778.99792480469,892497.5484306678
1022,,LAKE/POND,1456617600000,-4469.83764648438,749642.9074423563
1023,,LAKE/POND,1456617600000,1336.61340332031,991807.543918262
1024,,LAKE/POND,1456617600000,-11549.4097900391,531460.1388022725
1025,,LAKE/POND,1456617600000,-1409.98486328125,660029.0592335523
1026,,LAKE/POND,1456617600000,-1653.01782226563,302549.7306295332
1027,,LAKE/POND,1456617600000,-9263.54577636719,947539.898570426
1028,,LAKE/POND,1456617600000,22946.0450439453,366398.4886721921
1029,,LAKE/POND,1456617600000,4956.14050292969,738536.1231046473
1030,,LAKE/POND,1456617600000,-4472.62707519531,403199.4869584659
1031,,LAKE/POND,1456617600000,22350.4736328125,561862.186351063
1032,,LAKE/POND,1456617600000,-147832.598022461,719809.836985509
1033,,LAKE/POND,1456617600000,-19329.7340087891,508982.74940202734
1034,,LAKE/POND,1456617600000,-9087.08203125,907094.7111904906
1035,,RESERVOIR,1456617600000,3286.08654785156,419358.63852802955
1036,,RESERVOIR,1456617600000,-84808.8934326172,647106.4438917127
1037,,LAKE/POND,1456617600000,8355.95336914063,342427.8546942908
1038,,LAKE/POND,1456617600000,-109236.499145508,408215.4444075217
1039,,LAKE/POND,1456617600000,128928.526489258,440105.6631726208
1040,,LAKE/POND,1456617600000,34741.8988037109,125894.3118034357
1041,,LAKE/POND,1456617600000,-43580.9995117188,91814.41496742173
1042,,LAKE/POND,1456617600000,-60009.8427734375,667522.5066645201
1043,,LAKE/POND,1456617600000,59680.7197265625,655551.5310514796
1044,,LAKE/POND,1456617600000,19038.9761962891,662942.76032896
1045,,LAKE/POND,1456617600000,1630.85876464844,19864.44893171206
1046,,LAKE/POND,1456617600000,-2107.90502929688,326613.86144067004
1047,,LAKE/POND,1456617600000,-5381.6279296875,197889.86846462375
1048,,RESERVOIR,1456617600000,7935.90979003906,778172.8292503355
1049,,RESERVOIR,1456617600000,2617.05944824219,860643.4777255891
1050,,LAKE/POND,1456617600000,-35463.5634765625,246755.4625080475
1051,,LAKE/POND,1456617600000,3547.37341308594,667881.7060829427
1052,,LAKE/POND,1456617600000,81040.1650390625,129449.73781512516
1053,,LAKE/POND,1456617600000,-23797.1102294922,275224.73519662756
1054,,LAKE/POND,1456617600000,-153913.127197266,138740.49212929994
1055,,LAKE/POND,1456617600000,-30624.2943115234,283592.1310018027
1056,,LAKE/POND,1456617600000,3267.845703125,674768.3989579956
1057,,LAKE/POND,1456617600000,73457.8630371094,910334.9671673238
1058,,LAKE/POND,1456617600000,12480.98046875,202601.95316098563
1059,,LAKE/POND,1456617600000,-66358.9791259766,542124.2849681892
1060,,RESERVOIR,1456617600000,15393.9733886719,701420.2607422067
1061,,RESERVOIR,1456617600000,9419.95581054688,952926.2233162486
1062,,RESERVOIR,1456617600000,19542.9256591797,610098.8667784022
1063,,RESERVOIR,1456617600000,5743.138671875,255181.16522734694
1064,,RESERVOIR,1456617600000,-7993.07543945313,625514.983620088
1065,,RESERVOIR,1456617600000,2852.81018066406,320558.7920706867
1066,,STREAM/RIVER,1456617600000,-55019.5093994141,976129.8017242479
1067,,LAKE/POND,1456617600000,-6543.90686035156,399735.76787398534
1068,,LAKE/POND,1456617600000,-32117.5570068359,685458.4925612174
1069,,LAKE/POND,1456617600000,2816.16589355469,23325.236360941457
1070,,LAKE/POND,1456617600000,4221.53039550781,400121.03992869577
1071,,LAKE/POND,1456617600000,-138114.957885742,875119.227453566
1072,,LAKE/POND,1456617600000,348636.692016602,610265.8114613581
1073,,LAKE/POND,1456617600000,5478.95532226563,443998.04816445033
1074,,LAKE/POND,1456617600000,-16406.3220214844,935942.9697482829
1075,,RESERVOIR,1456617600000,2361.46423339844,853998.1237252383
1076,,LAKE/POND,1456617600000,-12632.1420898438,322283.13003988215
1077,,STREAM/RIVER,1456617600000,9273044.35693359,544593.4026527334
1078,,LAKE/POND,1456617600000,-3975.20642089844,489874.7838425974
1079,,LAKE/POND,1456617600000,-9664.69946289063,632238.6476623508
1080,,LAKE/POND,1456617600000,12306.6291503906,334177.52172079275
1081,,LAKE/POND,1456617600000,-26399.5743408203,244280.3360608109
1082,,LAKE/POND,1456617600000,11952.7126464844,912679.6554001753
1083,,LAKE/POND,1456617600000,3885.427734375,923881.1881740569
1084,,LAKE/POND,1456617600000,-62112.0318603516,843337.710150517
1085,,LAKE/POND,1456617600000,23275.5307617188,978205.6321170541
1086,,LAKE/POND,1456617600000,34713.3353271484,745016.2816355848
1087,,LAKE/POND,1456617600000,94720.5380859375,764689.9971719149
1088,,LAKE/POND,1456617600000,187957.562744141,762613.0703633525
1089,,RESERVOIR,1456617600000,-3964.75708007813,480659.08957158134
1090,,RESERVOIR,1456617600000,-13510.0186767578,456506.09284262575
1091,,RESERVOIR,1456617600000,2854.44689941406,240302.01329511212
1092,,RESERVOIR,1456617600000,3321.44812011719,644854.0676206602
1093,,RESERVOIR,1456617600000,3568.89331054688,289390.9147685882
1094,,RESERVOIR,1456617600000,6201.53759765625,257882.3710529745
1095,,RESERVOIR,1456617600000,-8031.94360351563,586002.191997271
1096,,RESERVOIR,1456617600000,3091.18054199219,410040.98000383243
1097,,RESERVOIR,1456617600000,-2825.10998535156,218934.50427714395
1098,,STREAM/RIVER,1456617600000,-31842.2863769531,816073.5950951391
1099,,STREAM/RIVER,1456617600000,54643.9730224609,860583.0017325273
1100,,LAKE/POND,1456617600000,-32594.4127197266,167782.5820262935
1101,,RESERVOIR,1456617600000,2245.18505859375,7606.274589687068
1102,,RESERVOIR,1456617600000,-1268.9697265625,336196.0194025522
1103,,LAKE/POND,1456617600000,9628.72680664063,797530.2870863487
1104,,LAKE/POND,1456617600000,6327.92578125,839189.1096738348
1105,,LAKE/POND,1456617600000,10465.9060058594,138415.0988799675
1106,,LAKE/POND,1456617600000,3053.77075195313,774357.6932570317
1107,,LAKE/POND,1456617600000,154285.378051758,115792.4811885312
1108,,LAKE/POND,1456617600000,-14916.3634033203,390123.1938349234
1109,,LAKE/POND,1456617600000,-118069.391235352,998608.6554508996
1110,,LAKE/POND,1456617600000,-5676.54724121094,192671.3715577635
1111,,LAKE/POND,1456617600000,2471.94836425781,154048.0322557861
1112,,LAKE/POND,1456617600000,12958.6556396484,422857.62971320626
1113,,LAKE/POND,1456617600000,-5623.36889648438,619705.9394487385
1114,,LAKE/POND,1456617600000,-29404.2924804688,932906.5594342295
1115,,LAKE/POND,1456617600000,5516.61083984375,980822.0825973355
1116,,LAKE/POND,1456617600000,71594.8269042969,69733.6028870989
1117,,LAKE/POND,1456617600000,-5427.93310546875,138083.5795986532
1118,,LAKE/POND,1456617600000,39674.33203125,790758.1093606304
1119,,LAKE/POND,1456617600000,6949.30603027344,270704.8184234811
1120,,LAKE/POND,1456617600000,24776.8433837891,884859.6897513504
1121,,LAKE/POND,1456617600000,-7530.89514160156,663486.2484501066
1122,,LAKE/POND,1456617600000,105684.762084961,111933.50605563672
1123,,LAKE/POND,1456617600000,-12996.9259033203,832545.1994662298
1124,,ROCK/ISLAND,1456617600000,-567.138061523438,176438.56801369504
1125,,LAKE/POND,1456617600000,7267.48889160156,423552.62164479116
1126,,LAKE/POND,1456617600000,5937.43334960938,552229.1578815455
1127,,LAKE/POND,1456617600000,-2823.67895507813,500815.57169922115
1128,,LAKE/POND,1456617600000,23539.5894775391,686193.6131606733
1129,,LAKE/POND,1456617600000,-6072.62854003906,652720.8135090334
1130,,RESERVOIR,1456617600000,2090.49584960938,992041.8092854966
1131,,RESERVOIR,1456617600000,1899.25915527344,999420.9676113562
1132,,STREAM/RIVER,1456617600000,18587.0042724609,516507.2402359747
1133,,STREAM/RIVER,1456617600000,58803.9780273438,95289.47185308095
1134,,LAKE/POND,1456617600000,4288.1728515625,727869.7867955226
1135,,LAKE/POND,1456617600000,57369.427734375,976665.4351446893
1136,,LAKE/POND,1456617600000,2348.11315917969,318394.2366638698
1137,,LAKE/POND,1456617600000,4575.84875488281,461262.3037401042
1138,,LAKE/POND,1456617600000,-21907.7418212891,424834.02234604955
1139,,LAKE/POND,1456617600000,31113.62109375,51513.96122231911
1140,,LAKE/POND,1456617600000,-5796.75732421875,672296.5325158912
1141,,LAKE/POND,1456617600000,111420.236206055,353402.00796126586
1142,,LAKE/POND,1456617600000,-6592.98498535156,787484.3407801645
1143,,LAKE/POND,1456617600000,-10291.2905273438,832136.0311543826
1144,,LAKE/POND,1456617600000,47694.9190673828,821247.842288399
1145,,LAKE/POND,1456617600000,-11087.4284667969,416723.9147740781
1146,,LAKE/POND,1456617600000,-3850.314453125,321613.2061269932
1147,,LAKE/POND,1456617600000,30669.9324951172,748845.1487683085
1148,,LAKE/POND,1456617600000,-3362.56921386719,801408.4935099048
1149,,RESERVOIR,1456617600000,-3704.78601074219,491307.82938928064
1150,,RESERVOIR,1456617600000,1367.177734375,893040.8234033298
1151,,STREAM/RIVER,1456617600000,-44440.0268554688,143994.16130025435
1152,,LAKE/POND,1456617600000,-18035.5753173828,879079.9937122145
1153,,LAKE/POND,1456617600000,-69041.009765625,96185.5273533511
1154,,LAKE/POND,1456617600000,-1046.20666503906,153610.01597688638
1155,,LAKE/POND,1456617600000,-131937.334838867,533886.0954326197
1156,,LAKE/POND,1456617600000,-11866.4080810547,67611.66082091609
1157,,LAKE/POND,1456617600000,80221.8935546875,52901.767882868946
1158,,LAKE/POND,1456617600000,1984.67297363281,618.691772544784
1159,,LAKE/POND,1456617600000,-249658.301757813,436372.591711634
1160,,LAKE/POND,1456617600000,-129766.103149414,774645.6442802193
1161,,LAKE/POND,1456617600000,18125.3878173828,34934.831606537395
1162,,LAKE/POND,1456617600000,6226.30407714844,652291.7284476024
1163,,LAKE/POND,1456617600000,25611.1763916016,823144.1815571275
1164,,LAKE/POND,1456617600000,10576.4296875,168083.88049216475
1165,,LAKE/POND,1456617600000,-1002.32470703125,146948.9015841873
1166,,LAKE/POND,1456617600000,12418.0826416016,860814.0327222004
1167,,RESERVOIR,1456617600000,2742.86401367188,823141.4743644898
1168,,RESERVOIR,1456617600000,26152.9802246094,538987.3331457942
1169,,LAKE/POND,1456617600000,-4082.8017578125,819217.1401061716
1170,,LAKE/POND,1456617600000,-9206.29211425781,92846.7090606749
1171,,LAKE/POND,1456617600000,-5840.96325683594,394541.6753054426
1172,,LAKE/POND,1456617600000,-19427.5678710938,737823.0385532061
1173,,RESERVOIR,1456617600000,-1376.54028320313,257525.95667607166
1174,,RESERVOIR,1456617600000,5367.85827636719,752352.929213195
1175,,RESERVOIR,1456617600000,-10028.7508544922,504227.6823517704
1176,,LAKE/POND,1456617600000,106350.038208008,750290.2110834504
1177,,LAKE/POND,1456617600000,-3035.78698730469,464732.705213906
1178,,LAKE/POND,1456617600000,-88991.1577148438,367967.1818834552
1179,,LAKE/POND,1456617600000,19491.3276367188,219267.07836776797
1180,,RESERVOIR,1456617600000,2376.27795410156,208458.29512153007
1181,,LAKE/POND,1456617600000,-26014.4331054688,751514.9099995283
1182,,LAKE/POND,1456617600000,27543.3666992188,118998.33808880908
1183,,LAKE/POND,1456617600000,-28666.8009033203,86073.66589358392
1184,,LAKE/POND,1456617600000,-4144.15637207031,176373.55959426292
1185,,LAKE/POND,1456617600000,24266.2639160156,175428.80145626504
1186,,RESERVOIR,1456617600000,-4432.64953613281,823124.4889369962
1187,,RESERVOIR,1456617600000,1785.11120605469,398566.3743052415
1188,,RESERVOIR,1456617600000,-2723.90124511719,990388.428126289
1189,,RESERVOIR,1456617600000,4107.64611816406,137297.39945357552
1190,,RESERVOIR,1456617600000,4371.54077148438,653573.8181712483
1191,,LAKE/POND,1456617600000,-48604.3504638672,448784.1855210233
1192,,LAKE/POND,1456617600000,-37776.5848388672,392978.49196122756
1193,,LAKE/POND,1456617600000,172201.208129883,875095.8155499778
1194,,LAKE/POND,1456617600000,3885.56066894531,975597.110668171
1195,,LAKE/POND,1456617600000,24136.8376464844,872870.8000193426
1196,,LAKE/POND,1456617600000,82110.1986083984,192381.2566665505
1197,,LAKE/POND,1456617600000,11696.3453369141,220875.62061889193
1198,,LAKE/POND,1456617600000,-3516.65002441406,656107.6156332747
1199,,RESERVOIR,1456617600000,2970.30212402344,289154.3841964462
1200,,LAKE/POND,1456617600000,-46584.2803955078,734750.923542371
1201,,LAKE/POND,1456617600000,41970.0543212891,566463.4423239129
1202,,LAKE/POND,1456617600000,-5916.78796386719,550953.1267047854
1203,,RESERVOIR,1456617600000,-10587.5841064453,828563.241599377
1204,,LAKE/POND,1456617600000,2271.50146484375,710561.0079327318
1205,,LAKE/POND,1456617600000,18520.5875244141,26675.08064302697
1206,,LAKE/POND,1456617600000,72811.7904052734,49554.14177316394
1207,,LAKE/POND,1456617600000,89320.0513916016,601597.6950523176
1208,,LAKE/POND,1456617600000,1280.51281738281,486242.97022263764
1209,,LAKE/POND,1456617600000,4110.94287109375,260258.37669280177
1210,,LAKE/POND,1456617600000,2318.79479980469,418713.8030499828
1211,,LAKE/POND,1456617600000,10139.0377197266,757933.7697906685
1212,,LAKE/POND,1456617600000,3432.66491699219,826627.9968979795
1213,,LAKE/POND,1456617600000,151137.4296875,561266.3843601872
1214,,RESERVOIR,1456617600000,3505.97387695313,385430.55853953643
1215,,RESERVOIR,1456617600000,-1297.92333984375,270769.421122196
1216,,RESERVOIR,1456617600000,37013.3735351563,521965.7570037058
1217,,LAKE/POND,1456617600000,-9597.16638183594,314817.828852906
1218,,LAKE/POND,1456617600000,-7437.42260742188,564138.1634383812
1219,,LAKE/POND,1456617600000,1624.2802734375,676684.0406190042
1220,,LAKE/POND,1456617600000,-7002.22705078125,66172.53691909197
1221,,LAKE/POND,1456617600000,34725.5334472656,1167.3572087799407
1222,,RESERVOIR,1456617600000,11203.7258300781,212355.69884972004
1223,,STREAM/RIVER,1456617600000,-19491.1553955078,894521.1520575114
1224,,LAKE/POND,1456617600000,1057.88122558594,646325.4878614731
1225,,LAKE/POND,1456617600000,-10575.3687744141,172042.98394147723
1226,,LAKE/POND,1456617600000,3583.77465820313,890274.0451634746
1227,,LAKE/POND,1456617600000,20708.6175537109,470008.47473737097
1228,,RESERVOIR,1456617600000,-4226.63232421875,476143.6714112361
1229,,LAKE/POND,1456617600000,-18916.7180175781,935547.454106327
1230,,RESERVOIR,1456617600000,-3101.95080566406,59580.6840274295
1231,,RESERVOIR,1456617600000,-4738.08093261719,215256.54162298102
1232,,RESERVOIR,1456617600000,-5004.96496582031,585812.1622508818
1233,,RESERVOIR,1456617600000,2328.37243652344,195566.76544453632
1234,,LAKE/POND,1456617600000,-23209.3531494141,679558.3769810277
1235,,LAKE/POND,1456617600000,6087.44995117188,214170.66601549718
1236,,LAKE/POND,1456617600000,-5349.48559570313,99246.95574478386
1237,,LAKE/POND,1456617600000,2533.64880371094,207064.254139716
1238,,LAKE/POND,1456617600000,-9614.33410644531,422791.3381346008
1239,,LAKE/POND,1456617600000,3904.76208496094,176220.5092048634
1240,,LAKE/POND,1456617600000,1938.90417480469,134778.42102883005
1241,,LAKE/POND,1456617600000,-1344.19116210938,860294.9977484328
1242,,LAKE/POND,1456617600000,2292.48022460938,320464.8434797445
1243,,RESERVOIR,1456617600000,-7754.3740234375,360822.24989091523
1244,,RESERVOIR,1456617600000,39757.0737304688,55364.82718986801
1245,,LAKE/POND,1456617600000,3407.33093261719,357433.52917008044
1246,,LAKE/POND,1456617600000,313031.143066406,264880.4317966702
1247,,LAKE/POND,1456617600000,-34098.9254150391,610523.408349987
1248,,LAKE/POND,1456617600000,-460522.466796875,205469.55325234178
1249,,LAKE/POND,1456617600000,-242630.204833984,888375.7281520811
1250,,LAKE/POND,1456617600000,-3471.888671875,929672.7245908423
1251,,LAKE/POND,1456617600000,-4754.46398925781,99920.97424001533
1252,,LAKE/POND,1456617600000,332272.534179688,107492.10858999206
1253,,LAKE/POND,1456617600000,3484.25830078125,115414.79014073877
1254,,LAKE/POND,1456617600000,1401.32885742188,619606.6798154247
1255,,LAKE/POND,1456617600000,-144753.734741211,122056.64534423771
1256,,LAKE/POND,1456617600000,-7921.64660644531,852396.2273161553
1257,,RESERVOIR,1456617600000,2426.88208007813,754295.3335148838
1258,,RESERVOIR,1456617600000,-2722.193359375,819826.057543342
1259,,LAKE/POND,1456617600000,-208042.296875,526107.3947728054
1260,,LAKE/POND,1456617600000,15687.5301513672,996676.54712079
1261,,LAKE/POND,1456617600000,10632.3569335938,44270.64125876391
1262,,LAKE/POND,1456617600000,13241.1325683594,401324.4364247306
1263,,LAKE/POND,1456617600000,-2230.73718261719,324003.9513340735
1264,,LAKE/POND,1456617600000,12857.1875,948649.685517271
1265,,LAKE/POND,1456617600000,-3180.39306640625,576902.6955407846
1266,,LAKE/POND,1456617600000,-78879.9615478516,806209.5401572153
1267,,LAKE/POND,1456617600000,193132.996459961,170423.98919795934
1268,,LAKE/POND,1456617600000,-41965.6350097656,978635.301851905
1269,,LAKE/POND,1456617600000,66332.2830810547,498689.1842820807
1270,,LAKE/POND,1456617600000,13132.3623046875,493722.21539094247
1271,,LAKE/POND,1456617600000,-219.91552734375,970886.6691881547
1272,,RESERVOIR,1456617600000,7903.7607421875,380793.9072486621
1273,,LAKE/POND,1456617600000,141715.992675781,397584.8745275129
1274,,LAKE/POND,1456617600000,886.603637695313,584793.6427819533
1275,,LAKE/POND,1456617600000,4443.75415039063,128139.67723412161
1276,,LAKE/POND,1456617600000,1291.06555175781,321153.1967635873
1277,,LAKE/POND,1456617600000,-9073.59582519531,193288.80840456358
1278,,LAKE/POND,1456617600000,27447.1771240234,103373.0474756598
1279,,LAKE/POND,1456617600000,1723.99548339844,866157.1257257806
1280,,LAKE/POND,1456617600000,-10068.8901367188,589371.6436796972
1281,,RESERVOIR,1456617600000,-5282.20251464844,358736.5655759669
1282,,RESERVOIR,1456617600000,1492.25598144531,408728.10175959877
1283,,RESERVOIR,1456617600000,1519.66796875,431575.42026798223
1284,,LAKE/POND,1456617600000,5868.82690429688,633185.2340773128
1285,,LAKE/POND,1456617600000,34793.8836669922,926775.7877804529
1286,,LAKE/POND,1456617600000,6749.85400390625,932785.4089153971
1287,,LAKE/POND,1456617600000,32041.0740966797,391552.4388407308
1288,,LAKE/POND,1456617600000,18530.6938476563,329329.2040893502
1289,,LAKE/POND,1456617600000,-9968.91040039063,451100.94448873634
1290,,LAKE/POND,1456617600000,-56130.412109375,567976.8690712192
1291,,LAKE/POND,1456617600000,38645.3468017578,461871.26784069184
1292,,LAKE/POND,1456617600000,7881.95764160156,658786.8757223095
1293,,LAKE/POND,1456617600000,1905.51611328125,554443.0290784023
1294,,LAKE/POND,1456617600000,-41927.0999755859,320783.15442386
1295,,LAKE/POND,1456617600000,-1451.1982421875,345795.88695125055
1296,,LAKE/POND,1456617600000,1869.31079101563,378654.54968818737
1297,,LAKE/POND,1456617600000,11418.9110107422,94730.20963279551
1298,,LAKE/POND,1456617600000,-19421.4613037109,166145.86008809932
1299,,RESERVOIR,1456617600000,5253.22814941406,723140.7676513694
1300,,LAKE/POND,1456617600000,33860.0467529297,389157.4127542163
1301,,RESERVOIR,1456617600000,3096.9169921875,214617.30412391506
1302,,RESERVOIR,1456617600000,-9557.39196777344,562715.5806613893
1303,,RESERVOIR,1456617600000,1586.77807617188,755563.2329796375
1304,,RESERVOIR,1456617600000,5753.056640625,257496.36268677452
1305,,RESERVOIR,1456617600000,15863.0672607422,826806.3761456702
1306,,RESERVOIR,1456617600000,-1216.38830566406,927511.1816342274
1307,,RESERVOIR,1456617600000,1998.23413085938,597434.1922264042
1308,,LAKE/POND,1456617600000,47781.9527587891,668980.0952780214
1309,,ROCK/ISLAND,1456617600000,-1082.53601074219,52670.68014803275
1310,,LAKE/POND,1456617600000,1078.44067382813,945524.3935129133
1311,,LAKE/POND,1456617600000,31217.6446533203,392545.093306783
1312,,LAKE/POND,1456617600000,35984.6713867188,923907.0866049748
1313,,LAKE/POND,1456617600000,-43256.8178710938,579019.0480202428
1314,,LAKE/POND,1456617600000,7124.54064941406,4718.332344644434
1315,,LAKE/POND,1456617600000,-8442.28796386719,38638.10658150405
1316,,LAKE/POND,1456617600000,6284.9482421875,680450.0833705493
1317,,LAKE/POND,1456617600000,5255.91467285156,562711.1843625361
1318,,LAKE/POND,1456617600000,-73275.4671630859,26629.75742991653
1319,,LAKE/POND,1456617600000,-23265.6840820313,743484.8717663019
1320,,LAKE/POND,1456617600000,-5890.70739746094,852159.2703901377
1321,,LAKE/POND,1456617600000,11729.8747558594,496467.3442735819
1322,,LAKE/POND,1456617600000,8096.49194335938,465810.3988557789
1323,,LAKE/POND,1456617600000,10858.6782226563,5572.556050635185
1324,,LAKE/POND,1456617600000,-34422.7584228516,786670.2608726374
1325,,LAKE/POND,1456617600000,-39933.8969726563,330782.6644233641
1326,,LAKE/POND,1456617600000,-4092.63354492188,878774.8646569415
1327,,LAKE/POND,1456617600000,203158.001342773,373122.9084387097
1328,,LAKE/POND,1456617600000,12931.3122558594,565120.8377617318
1329,,LAKE/POND,1456617600000,2952.53295898438,270414.4836787194
1330,,LAKE/POND,1456617600000,-8479.115234375,160672.09316534761
1331,,LAKE/POND,1456617600000,2193.2236328125,774929.6376830864
1332,,LAKE/POND,1456617600000,-8744.619140625,496640.32320791815
1333,,LAKE/POND,1456617600000,24733.6640625,536533.7384719518
1334,,RESERVOIR,1456617600000,9801.47497558594,965418.4464704338
1335,,RESERVOIR,1456617600000,23221.7121582031,963582.5906510192
1336,,RESERVOIR,1456617600000,120795.235595703,855655.7018481116
1337,,LAKE/POND,1456617600000,-967.244018554688,187690.3442264643
1338,,LAKE/POND,1456617600000,24773.9709472656,594312.6727594555
1339,,LAKE/POND,1456617600000,-8190.001953125,878158.7317656472
1340,,LAKE/POND,1456617600000,3255.50219726563,374526.11559135636
1341,,LAKE/POND,1456617600000,-4949.82958984375,101195.95421282547
1342,,LAKE/POND,1456617600000,-9828.4814453125,810980.9949867956
1343,,LAKE/POND,1456617600000,-15342.5372314453,481814.8932434841
1344,,LAKE/POND,1456617600000,-42791.0711669922,564435.6766984622
1345,,LAKE/POND,1456617600000,3302.78198242188,982145.0997439163
1346,,LAKE/POND,1456617600000,35274.3178710938,607250.1021395922
1347,,LAKE/POND,1456617600000,-238009.617797852,425036.4627481491
1348,,LAKE/POND,1456617600000,8901.16979980469,370046.9994260452
1349,,LAKE/POND,1456617600000,139890.974853516,417677.11310548754
1350,,LAKE/POND,1456617600000,-12538.8192138672,118487.12487126772
1351,,RESERVOIR,1456617600000,18731.5161132813,794770.2886111717
1352,,LAKE/POND,1456617600000,185480.29675293,837732.2487843642
1353,,LAKE/POND,1456617600000,110412.610839844,284468.41046281694
1354,,LAKE/POND,1456617600000,-159663.763916016,303865.93495148467
1355,,LAKE/POND,1456617600000,284258.391601563,874345.9485749234
1356,,LAKE/POND,1456617600000,-35911.2462158203,24067.934522047133
1357,,LAKE/POND,1456617600000,-65440.6214599609,520504.8775654072
1358,,LAKE/POND,1456617600000,3932.6806640625,463728.8834343182
1359,,RESERVOIR,1456617600000,5614.25073242188,690157.0667747323
1360,,LAKE/POND,1456617600000,44880.9669189453,163475.19758773939
1361,,LAKE/POND,1456617600000,-20008.6081542969,668363.2393903334
1362,,LAKE/POND,1456617600000,-4763.47680664063,376795.95774008107
1363,,LAKE/POND,1456617600000,-3734.1923828125,618752.2879770469
1364,,LAKE/POND,1456617600000,-199506.065429688,40190.96027677877
1365,,LAKE/POND,1456617600000,-11691.3402099609,461780.5627375938
1366,,LAKE/POND,1456617600000,3940.07873535156,522298.1466420799
1367,,LAKE/POND,1456617600000,6434.58215332031,214404.75588829824
1368,,LAKE/POND,1456617600000,4081.58276367188,139709.55219004862
1369,,LAKE/POND,1456617600000,-16399.2054443359,188555.26710769715
1370,,LAKE/POND,1456617600000,-33457.7133789063,344206.3198144636
1371,,LAKE/POND,1456617600000,139495.041381836,96900.37147989165
1372,,LAKE/POND,1456617600000,-55206.3240966797,947324.1164302358
1373,,LAKE/POND,1456617600000,51693.1385498047,405053.1570956062
1374,,LAKE/POND,1456617600000,-33098.7943115234,808987.8965768958
1375,,LAKE/POND,1456617600000,25521.2564697266,974418.7069794127
1376,,LAKE/POND,1456617600000,21722.4516601563,80827.12573945883
1377,,RESERVOIR,1456617600000,29845.0261230469,651703.6493187326
1378,,STREAM/RIVER,1456617600000,32560.8520507813,871421.0744234531
1379,,LAKE/POND,1456617600000,1774.80395507813,634270.3762888977
1380,,LAKE/POND,1456617600000,-1951.99877929688,429082.7897191556
1381,,LAKE/POND,1456617600000,83345.7576904297,431132.81892581686
1382,,LAKE/POND,1456617600000,80626.7188720703,35995.260219872165
1383,,LAKE/POND,1456617600000,100125.717041016,534646.7566133951
1384,,LAKE/POND,1456617600000,25760.0239257813,993542.648944172
1385,,LAKE/POND,1456617600000,-61172.4547119141,958710.6965118109
1386,,LAKE/POND,1456617600000,54288.1412353516,40495.14852005013
1387,,LAKE/POND,1456617600000,61792.5855712891,705825.7181321216
1388,,LAKE/POND,1456617600000,-46657.1560058594,301834.3884453944
1389,,LAKE/POND,1456617600000,-148577.70703125,902997.9515016427
1390,,LAKE/POND,1456617600000,-36470.9146728516,45210.1891199619
1391,,LAKE/POND,1456617600000,6745.90551757813,935879.5787267775
1392,,RESERVOIR,1456617600000,-5547.17163085938,837491.1587376543
1393,,LAKE/POND,1456617600000,-45862.1293945313,117592.514309994
1394,,LAKE/POND,1456617600000,-90917.1499023438,59918.29505923014
1395,,STREAM/RIVER,1456617600000,10990.1966552734,834723.3588528389
1396,,LAKE/POND,1456617600000,-29921.1706542969,155841.93944981095
1397,,LAKE/POND,1456617600000,-50738.1170654297,534944.12826242
1398,,LAKE/POND,1456617600000,906720.612915039,915752.3676480638
1399,,TUNNEL/CULVERT,1456617600000,-1722.20434570313,567490.8012898548
1400,,TUNNEL/CULVERT,1456617600000,1586.935546875,397293.18090937537
1401,,TUNNEL/CULVERT,1456617600000,1235.98010253906,445071.10823245195
1402,,TUNNEL/CULVERT,1456617600000,9157.67822265625,63210.795869629925
1403,,TUNNEL/CULVERT,1456617600000,1285.68640136719,968754.4773771414
1404,,TUNNEL/CULVERT,1456617600000,-2230.41174316406,310722.8090083896
1405,,TUNNEL/CULVERT,1456617600000,-2214.76403808594,189444.36596019487
1406,,TUNNEL/CULVERT,1456617600000,-7177.17626953125,286118.4110629094
1407,,TUNNEL/CULVERT,1456617600000,-4908.63061523438,964375.7931987948
1408,,TUNNEL/CULVERT,1456617600000,-2013.72192382813,94376.53059660472
1409,,TUNNEL/CULVERT,1456617600000,3653.79406738281,867315.4428940908
1410,,SPILLWAY,1456617600000,-309.167114257813,707872.4021681133
1411,,SPILLWAY,1456617600000,-223.90576171875,830035.3472219331
1412,,SPILLWAY,1456617600000,120.221923828125,975898.9747163191
1413,,SPILLWAY,1456617600000,1544.44494628906,842169.5978966646
1414,,SPILLWAY,1456617600000,-525.83251953125,943387.0696603738
1415,,SPILLWAY,1456617600000,-582.299926757813,127022.43632998389
1416,,SPILLWAY,1456617600000,-1709.92724609375,795808.1905218882
1417,,SPILLWAY,1456617600000,-276.078735351563,545720.5808359456
1418,,SPILLWAY,1456617600000,1084.23303222656,543540.7020247576
1419,,SPILLWAY,1456617600000,810.995483398438,898930.7852413052
1420,,SPILLWAY,1456617600000,763.695556640625,971805.6664610279
1421,,SPILLWAY,1456617600000,833.244995117188,704867.1343725536
1422,,DAM/WEIR,1456617600000,3923.84228515625,482989.6126944473
1423,,DAM/WEIR,1456617600000,13611.3197021484,456457.76111219724
1424,,DAM/WEIR,1456617600000,-19466.5382080078,386402.4367360023
1425,,DAM/WEIR,1456617600000,-2092.91027832031,361662.50807067583
1426,,DAM/WEIR,1456617600000,4418.44152832031,391567.2994934213
1427,,DAM/WEIR,1456617600000,971.338012695313,89844.1701744349
1428,,DAM/WEIR,1456617600000,-70.135498046875,77528.26421582692
1429,,DAM/WEIR,1456617600000,-8054.07861328125,779891.0770180806
1430,,DAM/WEIR,1456617600000,-22323.2604980469,446127.8395580412
1431,,DAM/WEIR,1456617600000,-236.156982421875,930690.4894112775
1432,,DAM/WEIR,1456617600000,3639.431640625,612259.1742720845
1433,,DAM/WEIR,1456617600000,9225.64611816406,35272.42941021913
1434,,DAM/WEIR,1456617600000,4612.04162597656,157607.4314600064
1435,,DAM/WEIR,1456617600000,-5096.09814453125,205899.00521391325
1436,,DAM/WEIR,1456617600000,-13566.8990478516,975737.4750511972
1437,,DAM/WEIR,1456617600000,25539.7861328125,218782.13702479357
1438,,DAM/WEIR,1456617600000,5931.23388671875,515803.5849647462
1439,,DAM/WEIR,1456617600000,-10660.7587890625,936182.3777701005
1440,,DAM/WEIR,1456617600000,-21149.5035400391,977194.033448636
1441,,DAM/WEIR,1456617600000,4365.58996582031,236436.56297957082
1442,,DAM/WEIR,1456617600000,11665.8649902344,49212.68286802137
1443,,DAM/WEIR,1456617600000,7058.8115234375,153686.31875267217
1444,,DAM/WEIR,1456617600000,1231.21435546875,63422.08252620913
1445,,DAM/WEIR,1456617600000,5341.75268554688,195204.53354398606
1446,,DAM/WEIR,1456617600000,14191.7137451172,568612.2891625504
1447,,DAM/WEIR,1456617600000,-4234.40795898438,912456.6389672159
1448,,DAM/WEIR,1456617600000,2855.64819335938,537264.6245870868
1449,,DAM/WEIR,1456617600000,1160.73120117188,626026.3317538542
1450,,DAM/WEIR,1456617600000,-10510.1041259766,201946.86301712855
1451,,DAM/WEIR,1456617600000,4753.27905273438,800602.7617281621
1452,,DAM/WEIR,1456617600000,-418.173706054688,617826.5118258242
1453,,SPILLWAY,1456617600000,-986.743774414063,864149.5513729764
1454,,SPILLWAY,1456617600000,-1322.67163085938,948847.2738519765
1455,,SPILLWAY,1456617600000,613.407104492188,347965.6377782409
1456,,SPILLWAY,1456617600000,987.2353515625,90669.91005052727
1457,,SPILLWAY,1456617600000,683.810791015625,226006.13909203288
1458,,SPILLWAY,1456617600000,498.068237304688,437897.34367770393
1459,,SPILLWAY,1456617600000,1026.53698730469,945698.1367656391
1460,,DAM/WEIR,1456617600000,303.679077148438,378371.6130813555
1461,,DAM/WEIR,1456617600000,3595.17053222656,770795.3655707898
1462,,DAM/WEIR,1456617600000,-5482.07153320313,540522.1040248458
1463,,DAM/WEIR,1456617600000,6453.26330566406,182890.30674516302
1464,,DAM/WEIR,1456617600000,5558.98828125,320801.72480743733
1465,,DAM/WEIR,1456617600000,8831.40173339844,653225.9126424313
1466,,DAM/WEIR,1456617600000,-6834.345703125,672885.4364920303
1467,,DAM/WEIR,1456617600000,4772.76745605469,434815.83607461845
1468,,DAM/WEIR,1456617600000,5223.54833984375,228722.50945624578
1469,,DAM/WEIR,1456617600000,-1320.35083007813,721933.8669279455
1470,,DAM/WEIR,1456617600000,26470.9139404297,168955.9854355119
1471,,DAM/WEIR,1456617600000,-348.1982421875,936675.0882262483
1472,,DAM/WEIR,1456617600000,-5050.77807617188,187984.600774994
1473,,DAM/WEIR,1456617600000,-14422.2380371094,107401.52428387436
1474,,DAM/WEIR,1456617600000,175.6474609375,497697.4399474399
1475,,DAM/WEIR,1456617600000,9175.3525390625,519597.123600285
1476,,DAM/WEIR,1456617600000,-7417.2939453125,508241.5872938522
1477,,DAM/WEIR,1456617600000,32594.9578857422,436723.38592241623
1478,,DAM/WEIR,1456617600000,-10777.2189941406,994814.4165254325
1479,,DAM/WEIR,1456617600000,5104.37573242188,486331.4983287021
1480,,DAM/WEIR,1456617600000,28431.6853027344,477998.30813517625
1481,,DAM/WEIR,1456617600000,8066.86535644531,421823.46434222715
1482,,DAM/WEIR,1456617600000,10241.0825195313,66919.00530023806
1483,,DAM/WEIR,1456617600000,5458.42297363281,592996.7425298699
1484,,DAM/WEIR,1456617600000,23612.4869384766,228044.7474781879
1485,,DAM/WEIR,1456617600000,-6179.05932617188,637644.5817220467
1486,,DAM/WEIR,1456617600000,-11935.6927490234,50928.32776882036
1487,,DAM/WEIR,1456617600000,-11876.5416259766,981387.9811557751
1488,,RESERVOIR,1456617600000,31495.0942382813,469057.7094996919
1489,,LAKE/POND,1456617600000,592566.810058594,896764.7992981677
1490,,RESERVOIR,1456617600000,23723.2094726563,475613.1415544383
1491,,LAKE/POND,1456617600000,-62505.2811279297,60424.725161545735
1492,,LAKE/POND,1456617600000,-62161.0660400391,822230.5025256515
1493,,LAKE/POND,1456617600000,75781.9311523438,648218.2631104379
1494,,LAKE/POND,1456617600000,196139.419311523,781778.0901121402
1495,,LAKE/POND,1456617600000,-149252.506225586,428226.61835265893
1496,,LAKE/POND,1456617600000,-3077.26159667969,637972.312635476
1497,,LAKE/POND,1456617600000,-313104.6328125,856242.524667224
1498,,STREAM/RIVER,1456617600000,158091.88684082,631101.7052621574
1499,,LAKE/POND,1456617600000,-39463.7036132813,347738.51979878487
1500,,LAKE/POND,1456617600000,-98282.4302978516,662562.6788771689
1501,,LAKE/POND,1456617600000,60404.5466308594,671886.3313410173
1502,,ROCK/ISLAND,1456617600000,-7217.50378417969,960589.9432234118
1503,,ROCK/ISLAND,1456617600000,-33798.4700927734,370974.8593971935
1504,,TUNNEL/CULVERT,1456617600000,-796.9375,425138.8342556123
1505,,TUNNEL/CULVERT,1456617600000,5280.33178710938,812140.9367679793
1506,,TUNNEL/CULVERT,1456617600000,2435.953125,505811.2327489522
1507,,TUNNEL/CULVERT,1456617600000,-1901.02722167969,736598.6992333283
1508,,TUNNEL/CULVERT,1456617600000,-2065.28967285156,459763.03379768226
1509,,TUNNEL/CULVERT,1456617600000,2393.57092285156,215573.37680337738
1510,,TUNNEL/CULVERT,1456617600000,8290.65344238281,745228.57719289
1511,,TUNNEL/CULVERT,1456617600000,-2124.56079101563,131241.9225126223
1512,,DAM/WEIR,1456617600000,-10263.9312744141,198663.60658129142
1513,,DAM/WEIR,1456617600000,-2295.9638671875,626861.6734609475
1514,,DAM/WEIR,1456617600000,3169.33251953125,747294.3259422504
1515,,DAM/WEIR,1456617600000,3629.61804199219,894697.5233912413
1516,,DAM/WEIR,1456617600000,7310.88024902344,272658.96617965266
1517,,DAM/WEIR,1456617600000,-7849.79052734375,110813.07545043569
1518,,DAM/WEIR,1456617600000,18459.2238769531,956050.0988100173
1519,,DAM/WEIR,1456617600000,4786.65551757813,154507.4912902522
1520,,DAM/WEIR,1456617600000,-4337.48510742188,197747.0178894318
1521,,DAM/WEIR,1456617600000,-5762.10925292969,291400.02928365633
1522,,DAM/WEIR,1456617600000,-8224.93090820313,529437.8854995308
1523,,DAM/WEIR,1456617600000,3035.31848144531,882836.4006519086
1524,,DAM/WEIR,1456617600000,6812.0810546875,760569.2075815712
1525,,DAM/WEIR,1456617600000,9518.59045410156,708186.029929697
1526,,DAM/WEIR,1456617600000,1976.81555175781,175262.8746186502
1527,,DAM/WEIR,1456617600000,-2102.53271484375,357746.5055801901
1528,,DAM/WEIR,1456617600000,-1874.52612304688,478456.6071891432
1529,,DAM/WEIR,1456617600000,-7491.55932617188,147511.0634642838
1530,,DAM/WEIR,1456617600000,10963.515625,273502.0857267577
1531,,DAM/WEIR,1456617600000,6767.45104980469,308402.06229924504
1532,,DAM/WEIR,1456617600000,-3289.60595703125,127363.34343300802
1533,,DAM/WEIR,1456617600000,-4897.42077636719,550284.1176993749
1534,,DAM/WEIR,1456617600000,10102.828125,705056.9886763439
1535,,DAM/WEIR,1456617600000,21339.9456787109,70024.56838208204
1536,,DAM/WEIR,1456617600000,8535.23913574219,481174.5083298717
1537,,DAM/WEIR,1456617600000,-10437.6157226563,782232.191937073
1538,,DAM/WEIR,1456617600000,2624.82287597656,748014.5819494227
1539,,DAM/WEIR,1456617600000,4096.13244628906,815090.773836036
1540,,DAM/WEIR,1456617600000,6885.64038085938,448295.3608666568
1541,,DAM/WEIR,1456617600000,1913.03356933594,820574.206374514
1542,,DAM/WEIR,1456617600000,6016.66711425781,240828.75515407685
1543,,DAM/WEIR,1456617600000,6061.46118164063,360874.1195508122
1544,,DAM/WEIR,1456617600000,16402.4915771484,176437.76450458312
1545,,DAM/WEIR,1456617600000,5839.46252441406,467537.32349008956
1546,,DAM/WEIR,1456617600000,-22754.1240234375,392120.4243531793
1547,,DAM/WEIR,1456617600000,118.056274414063,241002.78277555434
1548,,DAM/WEIR,1456617600000,2312.12524414063,751804.7793791492
1549,,DAM/WEIR,1456617600000,-4060.00244140625,313915.0735876633
1550,,DAM/WEIR,1456617600000,-2734.68811035156,272876.776908491
1551,,DAM/WEIR,1456617600000,4820.88256835938,130977.11092707916
1552,,DAM/WEIR,1456617600000,59252.9354248047,438877.3808100667
1553,,DAM/WEIR,1456617600000,1940.93139648438,303034.0294097895
1554,,DAM/WEIR,1456617600000,8323.93896484375,369335.54478399316
1555,,DAM/WEIR,1456617600000,3744.044921875,236073.42689702797
1556,,DAM/WEIR,1456617600000,2586.98107910156,763178.4111154287
1557,,DAM/WEIR,1456617600000,-4964.5478515625,930009.4170166345
1558,,DAM/WEIR,1456617600000,-4898.73022460938,497981.561671756
1559,,DAM/WEIR,1456617600000,4618.22253417969,643033.4805000752
1560,,DAM/WEIR,1456617600000,-5418.52026367188,867184.6922067688
1561,,DAM/WEIR,1456617600000,7380.46630859375,998828.7555402879
1562,,DAM/WEIR,1456617600000,3071.1142578125,613554.5195648744
1563,,DAM/WEIR,1456617600000,16437.3876953125,889789.5988137482
1564,,DAM/WEIR,1456617600000,-6825.52685546875,908616.4771227399
1565,,DAM/WEIR,1456617600000,4306.07958984375,791471.5512073537
1566,,DAM/WEIR,1456617600000,-10850.9888916016,460984.83700261184
1567,,DAM/WEIR,1456617600000,7302.115234375,81245.80386985649
1568,,DAM/WEIR,1456617600000,-3963.19714355469,15903.959079034392
1569,,DAM/WEIR,1456617600000,18231.9874267578,477252.43601896305
1570,,DAM/WEIR,1456617600000,14910.17578125,494364.60776673077
1571,,DAM/WEIR,1456617600000,-15374.9990234375,407421.24426179816
1572,,DAM/WEIR,1456617600000,-10539.2967529297,568209.9663888841
1573,,DAM/WEIR,1456617600000,6699.26123046875,552206.9348713934
1574,,DAM/WEIR,1456617600000,-4628.65612792969,836628.5431155487
1575,,DAM/WEIR,1456617600000,-6207.93859863281,108746.12889483292
1576,,DAM/WEIR,1456617600000,5260.08142089844,225254.9231612688
1577,,DAM/WEIR,1456617600000,2730.87561035156,793024.8854567555
1578,,DAM/WEIR,1456617600000,11074.0627441406,847851.235700065
1579,,DAM/WEIR,1456617600000,-2747.00561523438,994823.7363752921
1580,,DAM/WEIR,1456617600000,12317.3114013672,872923.852273429
1581,,DAM/WEIR,1456617600000,1626.55932617188,889909.1272726167
1582,,DAM/WEIR,1456617600000,3379.115234375,314416.1934876992
1583,,DAM/WEIR,1456617600000,2294.43347167969,401721.06618434144
1584,,DAM/WEIR,1456617600000,-3340.76416015625,268158.02822496416
1585,,DAM/WEIR,1456617600000,-2394.10827636719,606338.1619534981
1586,,DAM/WEIR,1456617600000,7766.71130371094,938810.5348662635
1587,,DAM/WEIR,1456617600000,-1818.27099609375,344706.07778208004
1588,,DAM/WEIR,1456617600000,15318.8538818359,557045.5247014802
1589,,DAM/WEIR,1456617600000,-19006.6365966797,296369.7041908093
1590,,DAM/WEIR,1456617600000,-4223.1923828125,169882.82397535647
1591,,DAM/WEIR,1456617600000,-9644.71557617188,195265.816080144
1592,,DAM/WEIR,1456617600000,6920.83251953125,58039.49205833159
1593,,DAM/WEIR,1456617600000,414.434204101563,949297.6443634335
1594,,DAM/WEIR,1456617600000,-6853.60107421875,402938.91766717035
1595,,DAM/WEIR,1456617600000,-12096.7381591797,834136.645792016
1596,,DAM/WEIR,1456617600000,-2747.23486328125,681360.6584129494
1597,,DAM/WEIR,1456617600000,8233.48107910156,192001.77737378288
1598,,DAM/WEIR,1456617600000,-3661.59643554688,175544.52489218334
1599,,DAM/WEIR,1456617600000,5813.50830078125,812006.1907021923
1600,,DAM/WEIR,1456617600000,-5044.92309570313,264784.9747367648
1601,,DAM/WEIR,1456617600000,-6819.36962890625,913292.9418984219
1602,,DAM/WEIR,1456617600000,11151.6599121094,140141.25909361697
1603,,DAM/WEIR,1456617600000,2880.18664550781,677740.1658844096
1604,,DAM/WEIR,1456617600000,-9761.22729492188,814491.6141694548
1605,,DAM/WEIR,1456617600000,13771.1430664063,235332.62752041503
1606,,DAM/WEIR,1456617600000,-8261.85180664063,276279.46651285695
1607,,DAM/WEIR,1456617600000,-13601.7114257813,964521.4697317017
1608,,DAM/WEIR,1456617600000,-9206.01452636719,264670.8809880183
1609,,DAM/WEIR,1456617600000,3154.275390625,430013.6242380079
1610,,DAM/WEIR,1456617600000,17777.5268554688,432571.90916744864
1611,,DAM/WEIR,1456617600000,-836.0146484375,253109.19341994065
1612,,DAM/WEIR,1456617600000,9384.25793457031,775812.7315373603
1613,,DAM/WEIR,1456617600000,757.353393554688,771871.386445489
1614,,DAM/WEIR,1456617600000,246.894897460938,378379.80410434905
1615,,DAM/WEIR,1456617600000,2906.64624023438,835141.4433758345
1616,,DAM/WEIR,1456617600000,3419.28649902344,213153.4138306281
1617,,DAM/WEIR,1456617600000,9736.33764648438,4405.340784336211
1618,,DAM/WEIR,1456617600000,-345.583129882813,571209.6741521735
1619,,DAM/WEIR,1456617600000,18807.4555664063,994077.3705973608
1620,,DAM/WEIR,1456617600000,13582.4558105469,38740.40675159209
1621,,DAM/WEIR,1456617600000,10691.7025146484,208077.06590301602
1622,,DAM/WEIR,1456617600000,827.849609375,518962.232108193
1623,,DAM/WEIR,1456617600000,-7291.65832519531,809958.9324304897
1624,,DAM/WEIR,1456617600000,22573.6918945313,89133.01183254064
1625,,DAM/WEIR,1456617600000,-3895.72839355469,395294.7350588647
1626,,DAM/WEIR,1456617600000,17611.0334472656,747100.3459740228
1627,,DAM/WEIR,1456617600000,-26011.4525146484,371605.68254231254
1628,,DAM/WEIR,1456617600000,-9265.86071777344,188917.34799717093
1629,,DAM/WEIR,1456617600000,4357.5732421875,195576.0823180203
1630,,DAM/WEIR,1456617600000,6175.56213378906,410107.3719875158
1631,,DAM/WEIR,1456617600000,57752.5539550781,479468.65368133574
1632,,DAM/WEIR,1456617600000,9058.30041503906,861827.3745598146
1633,,DAM/WEIR,1456617600000,-9429.20837402344,642287.5510737181
1634,,DAM/WEIR,1456617600000,1706.15344238281,690432.2239180953
1635,,DAM/WEIR,1456617600000,-18519.7333984375,982987.8898315819
1636,,DAM/WEIR,1456617600000,5851.86022949219,411901.84411350335
1637,,DAM/WEIR,1456617600000,1773.21862792969,403413.66445440013
1638,,DAM/WEIR,1456617600000,-8404.78381347656,923353.7096820719
1639,,DAM/WEIR,1456617600000,2683.55029296875,245950.7535707711
1640,,DAM/WEIR,1456617600000,11609.4067382813,729841.5349629901
1641,,DAM/WEIR,1456617600000,-7383.63110351563,754596.9263311747
1642,,DAM/WEIR,1456617600000,9308.36547851563,97878.1208577011
1643,,DAM/WEIR,1456617600000,9685.88439941406,468284.11432160897
1644,,DAM/WEIR,1456617600000,-19513.5043945313,200642.21451195056
1645,,DAM/WEIR,1456617600000,8248.39831542969,185456.5498999326
1646,,DAM/WEIR,1456617600000,-706.12451171875,463881.26382371946
1647,,DAM/WEIR,1456617600000,-3402.33923339844,289500.4751076066
1648,,DAM/WEIR,1456617600000,17671.8502197266,796080.0455206607
1649,,DAM/WEIR,1456617600000,-2317.70910644531,907613.223296452
1650,,DAM/WEIR,1456617600000,-3910.74169921875,802739.5305072315
1651,,DAM/WEIR,1456617600000,69815.4862060547,266104.00350353046
1652,,DAM/WEIR,1456617600000,-960.881103515625,274206.7061148458
1653,,DAM/WEIR,1456617600000,26082.3342285156,254802.62255410556
1654,,DAM/WEIR,1456617600000,3827.49731445313,135124.45720853438
1655,,DAM/WEIR,1456617600000,-1112.00317382813,943803.0444685328
1656,,DAM/WEIR,1456617600000,21255.8658447266,402107.1913294555
1657,,DAM/WEIR,1456617600000,-1753.15881347656,224766.7809089446
1658,,DAM/WEIR,1456617600000,8799.12841796875,846685.5367321422
1659,,DAM/WEIR,1456617600000,-5835.47131347656,399254.983932222
1660,,DAM/WEIR,1456617600000,690.723266601563,35213.264311744504
1661,,DAM/WEIR,1456617600000,-3067.13562011719,162025.21415103597
1662,,DAM/WEIR,1456617600000,8080.03540039063,639285.776071794
1663,,DAM/WEIR,1456617600000,-2543.47790527344,782926.2007390326
1664,,DAM/WEIR,1456617600000,-3840.57836914063,211013.08411547556
1665,,DAM/WEIR,1456617600000,5381.38635253906,917402.9323116263
1666,,DAM/WEIR,1456617600000,3807.83630371094,851011.1693430392
1667,,DAM/WEIR,1456617600000,2743.83337402344,848395.0676049207
1668,,DAM/WEIR,1456617600000,-6251.04858398438,227738.1530233874
1669,,DAM/WEIR,1456617600000,-21204.6517333984,50630.88451520405
1670,,DAM/WEIR,1456617600000,-4075.86267089844,867435.929705096
1671,,DAM/WEIR,1456617600000,-1208.08557128906,305869.3429154648
1672,,DAM/WEIR,1456617600000,2080.68200683594,618953.8706190273
1673,,DAM/WEIR,1456617600000,27733.3894042969,759990.1270454763
1674,,DAM/WEIR,1456617600000,212.209106445313,128380.30089201055
1675,,DAM/WEIR,1456617600000,-16292.6456298828,780859.4898452415
1676,,DAM/WEIR,1456617600000,4780.50012207031,938516.6693037107
1677,,DAM/WEIR,1456617600000,21111.9857177734,728401.3998748687
1678,,DAM/WEIR,1456617600000,-12882.0826416016,441278.18498296157
1679,,DAM/WEIR,1456617600000,7624.4267578125,876689.594259689
1680,,DAM/WEIR,1456617600000,-600.619873046875,527504.3568519216
1681,,DAM/WEIR,1456617600000,-1086.33569335938,744795.7059530447
1682,,DAM/WEIR,1456617600000,433.2900390625,820523.0727582744
1683,,DAM/WEIR,1456617600000,-16187.5168457031,749377.1770599743
1684,,DAM/WEIR,1456617600000,3083.91735839844,287925.8027056731
1685,,DAM/WEIR,1456617600000,-268.1943359375,117931.9986718396
1686,,DAM/WEIR,1456617600000,-30090.6895751953,238414.45717059457
1687,,DAM/WEIR,1456617600000,-144.623779296875,502924.1466117182
1688,,DAM/WEIR,1456617600000,-257.355102539063,505325.8893239442
1689,,DAM/WEIR,1456617600000,570.379638671875,582685.5022352568
1690,,DAM/WEIR,1456617600000,-21282.5828857422,395161.93226229853
1691,,DAM/WEIR,1456617600000,13871.4869384766,786911.9054205013
1692,,RESERVOIR,1456617600000,4830.19592285156,913161.5218184227
1693,,STREAM/RIVER,1394409600000,-205.812133789063,246800.13424906984
1694,,DAM/WEIR,1361404800000,-13861.6614990234,736548.8288569001
1695,,DAM/WEIR,1361404800000,14760.759765625,678003.3773879376
1696,,DAM/WEIR,1361404800000,3368.98608398438,523137.66713888774
1697,,DAM/WEIR,1361404800000,7181.71154785156,188611.19232053895
1698,,DAM/WEIR,1361404800000,-19212.7150878906,795251.9401245926
1699,,DAM/WEIR,1361404800000,13661.5028076172,960629.2623739842
1700,,DAM/WEIR,1361404800000,5060.90344238281,721863.4267640578
1701,,DAM/WEIR,1361404800000,-19118.0651855469,917867.2927660749
1702,,DAM/WEIR,1361404800000,-1044.02319335938,984185.86223624
1703,,DAM/WEIR,1361404800000,1792.52368164063,352115.11712114
1704,,DAM/WEIR,1361404800000,-2068.11743164063,638259.0923474914
1705,,DAM/WEIR,1361404800000,-6014.98840332031,473984.8704315765
1706,,LAKE/POND,1361404800000,-19811.2373046875,986629.0973597969
1707,,LAKE/POND,1361404800000,71231.7205810547,93898.34941750014
1708,,LAKE/POND,1361404800000,10567.6379394531,412433.2644308806
1709,,LAKE/POND,1361404800000,-122236.903198242,875550.6150837389
1710,,LAKE/POND,1361404800000,41824.0843505859,284122.62134415226
1711,,LAKE/POND,1361404800000,52609.2183837891,787813.2835609582
1712,,LAKE/POND,1361404800000,-8953.37780761719,382844.5016808149
1713,,DAM/WEIR,1456617600000,10891.6337890625,979979.5620576293
1714,,DAM/WEIR,1456617600000,-15281.8125,883540.5999102287
1715,,DAM/WEIR,1456617600000,-2502.00805664063,301389.9243064914
1716,,DAM/WEIR,1456617600000,900.841430664063,770215.3240333878
1717,,DAM/WEIR,1456617600000,1405.29040527344,336922.5213223415
1718,,DAM/WEIR,1456617600000,-34967.3486328125,606401.5975686733
1719,,DAM/WEIR,1456617600000,1899.07934570313,658514.2618356842
1720,,DAM/WEIR,1456617600000,1607.50305175781,829611.6199493873
1721,,DAM/WEIR,1456617600000,-20386.0584716797,24548.371347085795
1722,,DAM/WEIR,1456617600000,6095.84497070313,220235.6552052933
1723,,DAM/WEIR,1456617600000,5531.8095703125,711945.9068897093
1724,,TUNNEL/CULVERT,1456617600000,-2849.23791503906,563566.3211226034
1725,,STREAM/RIVER,1456617600000,55037.4476318359,495655.0220882448
1726,,TUNNEL/CULVERT,1456617600000,-3111.90832519531,55304.38050235295
1727,,TUNNEL/CULVERT,1456617600000,-2544.78979492188,348340.7075972266
1728,,TUNNEL/CULVERT,1456617600000,7682.55480957031,865112.8567872253
1729,,SPILLWAY,1456617600000,346.237915039063,30989.716859491546
1730,,DAM/WEIR,1456617600000,721.902587890625,396496.1953050402
1731,,RESERVOIR,1456617600000,17758.6881103516,945152.8276937179
1732,,RESERVOIR,1456617600000,2862.31884765625,50975.59559082558
1733,,DAM/WEIR,1456617600000,-8034.88061523438,749730.0307637813
1734,,RESERVOIR,1456617600000,6230.69018554688,257686.59730780206
1735,,DAM/WEIR,1456617600000,7926.74255371094,866621.304661625
1736,,RESERVOIR,1456617600000,10264.0402832031,746092.6260934902
1737,,RESERVOIR,1456617600000,69.36767578125,885715.7146361062
1738,,RESERVOIR,1456617600000,-8422.85241699219,216002.98202743244
1739,,ROCK/ISLAND,1456617600000,-985.165771484375,531339.0942503683
1740,,ROCK/ISLAND,1456617600000,-6287.56481933594,779291.2373104997
1741,,RESERVOIR,1456617600000,-7705.58801269531,245774.9273209385
1742,,RESERVOIR,1456617600000,5028.41516113281,230822.99989038496
1743,,RESERVOIR,1456617600000,22333.3504638672,27279.38810210177
1744,,RESERVOIR,1456617600000,-1916.79907226563,958518.4839307608
1745,,ROCK/ISLAND,1456617600000,-42403.04296875,710045.1683497379
1746,,RESERVOIR,1456617600000,23858.2479248047,635596.1624144298
1747,,DAM/WEIR,1361404800000,-13778.7639160156,744019.5792279987
1748,,DAM/WEIR,1394409600000,1165.82653808594,531659.2257906512
1749,,DAM/WEIR,1394409600000,-1151.29577636719,476185.73157448025
1750,,DAM/WEIR,1394409600000,-20819.1656494141,449586.8383671674
1751,,DAM/WEIR,1394409600000,-1907.23815917969,640474.5277432188
1752,,DAM/WEIR,1394409600000,2369.64086914063,201614.62035986857
1753,,DAM/WEIR,1394409600000,-982.04296875,888069.0010866731
1754,,DAM/WEIR,1394409600000,9637.78198242188,811770.384229772
1755,,DAM/WEIR,1394409600000,-8248.89074707031,349628.3055272772
1756,,DAM/WEIR,1394409600000,-2739.15222167969,578650.8572735463
1757,,DAM/WEIR,1394409600000,1111.32531738281,141113.05619271967
1758,,DAM/WEIR,1394409600000,-3631.02197265625,972348.0409625567
1759,,DAM/WEIR,1394409600000,-2539.74975585938,902901.4954688329
1760,,DAM/WEIR,1394409600000,1361.77307128906,921904.394851044
1761,,DAM/WEIR,1394409600000,1411.78552246094,332229.4992356336
1762,,DAM/WEIR,1394409600000,-670.122680664063,169217.62477741006
1763,,DAM/WEIR,1394409600000,-2712.7412109375,211850.77447780024
1764,,LAKE/POND,1361404800000,104867.387451172,90092.3009045943
1765,,LAKE/POND,1361404800000,33501.93359375,120198.4989277441
1766,,LAKE/POND,1361404800000,3493.32861328125,71397.33242689272
1767,,LAKE/POND,1361404800000,7191.12573242188,989823.0970748838
1768,,LAKE/POND,1361404800000,30447.7296142578,74150.20354305331
1769,,LAKE/POND,1361404800000,-2641.26403808594,132628.69420123752
1770,,LAKE/POND,1361404800000,-1727.22399902344,827271.0428765818
1771,,STREAM/RIVER,1361404800000,22688.1807861328,580281.612481052
1772,,STREAM/RIVER,1361404800000,3333.31799316406,774438.9884316709
1773,,DAM/WEIR,1394409600000,2603.07507324219,630948.2856598699
1774,,DAM/WEIR,1394409600000,3774.16979980469,882185.9706468448
1775,,DAM/WEIR,1394409600000,-7110.64270019531,638503.0425444363
1776,,DAM/WEIR,1394409600000,9718.94177246094,522172.35826876765
1777,,DAM/WEIR,1394409600000,15783.4256591797,712777.7060422298
1778,,DAM/WEIR,1394409600000,3593.02111816406,447447.5651241785
1779,,DAM/WEIR,1394409600000,17093.6569824219,346128.8704586213
1780,,DAM/WEIR,1394409600000,3524.7265625,467705.219552515
1781,,DAM/WEIR,1394409600000,-11271.5002441406,169796.9639739457
1782,,DAM/WEIR,1394409600000,8291.369140625,796591.2760579813
1783,,DAM/WEIR,1394409600000,13599.2337646484,260777.4502540297
1784,,DAM/WEIR,1394409600000,6252.79223632813,153616.03965086743
1785,,DAM/WEIR,1394409600000,1647.67651367188,246427.36020680668
1786,,DAM/WEIR,1394409600000,13354.2978515625,842085.1026869108
1787,,DAM/WEIR,1394409600000,3197.14489746094,330267.945266876
1788,,DAM/WEIR,1394409600000,12313.2016601563,686080.57846908
1789,,DAM/WEIR,1394409600000,-5378.80737304688,856423.133283043
1790,,DAM/WEIR,1394409600000,3118.27319335938,77836.81471368269
1791,,DAM/WEIR,1394409600000,36486.6361083984,765047.13771312
1792,,DAM/WEIR,1394409600000,5335.62487792969,307734.39216692577
1793,,DAM/WEIR,1394409600000,4803.07739257813,216700.4853252601
1794,,DAM/WEIR,1394409600000,-7260.47412109375,688931.8734062745
1795,,DAM/WEIR,1394409600000,1882.75341796875,909804.7332743377
1796,,DAM/WEIR,1394409600000,17957.2171630859,295089.41177231545
1797,,DAM/WEIR,1394409600000,403615.592651367,568876.3531699752
1798,,DAM/WEIR,1394409600000,-15818.2248535156,289904.84060399275
1799,,DAM/WEIR,1394409600000,890.76611328125,554329.6028822695
1800,,DAM/WEIR,1394409600000,-1232.14636230469,621899.2225892445
1801,,DAM/WEIR,1394409600000,9003.5205078125,610373.7449159119
1802,,DAM/WEIR,1394409600000,9135.63623046875,623583.3914594119
1803,,DAM/WEIR,1394409600000,-12094.4329833984,135166.14915851012
1804,,DAM/WEIR,1394409600000,7658.25024414063,693570.4219992913
1805,,DAM/WEIR,1394409600000,11818.7026367188,674782.2065942289
1806,,DAM/WEIR,1394409600000,12590.0217285156,682619.1808165392
1807,,DAM/WEIR,1394409600000,-1500.04418945313,74163.07161287972
1808,,DAM/WEIR,1394409600000,14525.0375976563,446893.7116910688
1809,,DAM/WEIR,1394409600000,-2110.78503417969,409093.8194973931
1810,,DAM/WEIR,1394409600000,233.734375,86802.72578335117
1811,,DAM/WEIR,1394409600000,5761.17065429688,222445.4687360931
1812,,DAM/WEIR,1394409600000,-3092.59484863281,441018.0945722251
1813,,DAM/WEIR,1394409600000,16350.0122070313,742931.2763207866
1814,,LAKE/POND,1394409600000,43583.2419433594,237138.13371488775
1815,,LAKE/POND,1394409600000,32316.2316894531,829766.1053839889
1816,,LAKE/POND,1394409600000,-33530.9307861328,545843.1601126038
1817,,LAKE/POND,1394409600000,-132420.965698242,760444.8825944138
1818,,LAKE/POND,1394409600000,3256.85913085938,472608.2551825401
1819,,LAKE/POND,1394409600000,-19598.2890625,499243.8068054557
1820,,LAKE/POND,1394409600000,33455.9857177734,619756.7977213128
1821,,DAM/WEIR,1394409600000,-17308.1214599609,927976.8831343994
1822,,DAM/WEIR,1394409600000,-6316.92785644531,491862.90834218723
1823,,DAM/WEIR,1394409600000,3623.34692382813,528704.143696942
1824,,LAKE/POND,1394409600000,-11868.3917236328,602036.1618342132
1825,,LAKE/POND,1394409600000,28947.5986328125,737540.6482688587
1826,,LAKE/POND,1394409600000,-61301.2708740234,71943.07860235022
1827,,LAKE/POND,1394409600000,1342.49719238281,515735.35409068136
1828,,LAKE/POND,1394409600000,-2139.49035644531,481642.9484555337
1829,,LAKE/POND,1394409600000,493090.065551758,921691.8940541624
1830,,LAKE/POND,1394409600000,119704.985839844,493556.736271717
1831,,LAKE/POND,1394409600000,-2336.44604492188,468373.2343203269
1832,,LAKE/POND,1394409600000,105997.299194336,962202.80633586
1833,,LAKE/POND,1394409600000,-3103.58032226563,450630.95537805784
1834,,LAKE/POND,1394409600000,5828.95166015625,180966.1609946278
1835,,LAKE/POND,1394409600000,-11440.9428710938,216994.21427738492
1836,,LAKE/POND,1394409600000,3649.42114257813,95277.9243956021
1837,,LAKE/POND,1394409600000,-3383.37426757813,668.0718778892964
1838,,LAKE/POND,1394409600000,11553.2120361328,432002.0344887209
1839,,LAKE/POND,1394409600000,318627.419433594,769264.8877975103
1840,,LAKE/POND,1394409600000,13248.7993164063,733492.3626891131
1841,,LAKE/POND,1394409600000,-13357.5598144531,32245.84074498211
1842,,LAKE/POND,1394409600000,-22243.0841064453,570025.3353207699
1843,,LAKE/POND,1394409600000,-21870.9027099609,154367.54281780924
1844,,LAKE/POND,1394409600000,13983.7329101563,941081.2360599361
1845,,LAKE/POND,1394409600000,77434.4836425781,167448.09577921522
1846,,LAKE/POND,1394409600000,-303735.16027832,626675.9271364941
1847,,LAKE/POND,1394409600000,295435.860717773,326305.4120894782
1848,,LAKE/POND,1394409600000,3761.25207519531,641596.5282704298
1849,,LAKE/POND,1394409600000,-4673.78283691406,412316.95834583224
1850,,LAKE/POND,1394409600000,56020.8410644531,759666.3283581118
1851,,LAKE/POND,1394409600000,-56242.181640625,230755.82673619973
1852,,LAKE/POND,1394409600000,-61855.7459716797,905800.3679371158
1853,,LAKE/POND,1394409600000,17605.4084472656,500259.12813877146
1854,,LAKE/POND,1427760000000,-103511.76550293,756116.7823049339
1855,,DAM/WEIR,1427760000000,2208.59912109375,849744.3686518956
1856,,TUNNEL/CULVERT,1427760000000,1849.25366210938,998827.7292650985
1857,,LAKE/POND,1427760000000,3963.79504394531,224023.04708173324
1858,,STREAM/RIVER,1427760000000,7052.74450683594,286963.437429685
1859,,TUNNEL/CULVERT,1427760000000,2031.06921386719,250507.79299012834
1860,,LAKE/POND,1427760000000,-20654.4444580078,262944.7821552345
1861,,RESERVOIR,1427760000000,4614.63244628906,582485.9146204819
1862,,DAM/WEIR,1427760000000,5757.20654296875,993522.1773710053
1863,,LAKE/POND,1427760000000,5311.04333496094,990278.069005958
1864,,DAM/WEIR,1427760000000,-10466.4066162109,526820.0272659401
1865,,TUNNEL/CULVERT,1427760000000,3728.9677734375,639062.668516437
1866,,TUNNEL/CULVERT,1427760000000,1953.64416503906,859983.6866766921
1867,,DAM/WEIR,1427760000000,-5478.59704589844,932939.2321742014
1868,,RESERVOIR,1427760000000,166529.524169922,203940.03740618363
1869,,RESERVOIR,1427760000000,-9979.74548339844,528588.3462278297
1870,,RESERVOIR,1427760000000,-7368.30700683594,832852.9381189914
1871,,RESERVOIR,1427760000000,5299.1416015625,303271.4532248516
1872,,RESERVOIR,1427760000000,4591.63146972656,439864.6217671762
1873,,RESERVOIR,1427760000000,-1186.57971191406,985621.5537807553
1874,,RESERVOIR,1427760000000,-2518.76184082031,985047.2070045022
1875,,DAM/WEIR,1427760000000,-4177.36755371094,906115.2939772944
1876,,RESERVOIR,1427760000000,7041.50927734375,798467.70154523
1877,,DAM/WEIR,1427760000000,8739.96752929688,269203.31854223274
1878,,DAM/WEIR,1427760000000,3828.86987304688,320917.66820970667
1879,,LAKE/POND,1427760000000,-14949.1164550781,547327.565637913
1880,,LAKE/POND,1427760000000,2768.24499511719,560820.7360471814
1881,,RESERVOIR,1427760000000,23816.3916015625,505551.7635723119
1882,,TUNNEL/CULVERT,1427760000000,2767.33581542969,636705.9762180345
1883,,RESERVOIR,1427760000000,-19817.9290771484,408381.78200770286
1884,,SPILLWAY,1427760000000,-386.169555664063,749198.490725644
1885,,RESERVOIR,1427760000000,2598.40881347656,333616.237935781
1886,,DAM/WEIR,1427760000000,2588.80798339844,330743.598569661
1887,,SPILLWAY,1427760000000,-1576.77331542969,127313.11206967692
1888,,DAM/WEIR,1427760000000,16482.6752929688,188793.15009570634
1889,,DAM/WEIR,1427760000000,-539.738037109375,850534.9763125866
1890,,DAM/WEIR,1427760000000,-4460.56665039063,446337.2640642449
1891,,STREAM/RIVER,1427760000000,4658.45874023438,227944.77190639195
1892,,STREAM/RIVER,1427760000000,43719.1715087891,759364.4065712851
1893,,TUNNEL/CULVERT,1427760000000,1146.90661621094,554025.1737231519
1894,,DAM/WEIR,1427760000000,2131.89099121094,21253.874666139734
1895,,STREAM/RIVER,1427760000000,8692.49768066406,316429.50482952414
1896,,TUNNEL/CULVERT,1427760000000,-5459.61669921875,177083.53397881778
1897,,LAKE/POND,1427760000000,46306.2580566406,655906.6178238813
1898,,LAKE/POND,1427760000000,1695.865234375,275103.2624951492
1899,,LAKE/POND,1427760000000,35323.8760986328,65040.21958524342
1900,,LAKE/POND,1427760000000,20650.0782470703,55029.44076376029
1901,,DAM/WEIR,1427760000000,6571.49523925781,581768.5435016211
1902,,SPILLWAY,1427760000000,-597.675048828125,21821.26163506351
1903,,RESERVOIR,1427760000000,-5487.10302734375,848806.385132662
1904,,STREAM/RIVER,1427760000000,76049.6246337891,155481.42414823064
1905,,DAM/WEIR,1427760000000,14465.4248046875,606605.0719955751
1906,,SPILLWAY,1427760000000,-2850.26306152344,444743.1145199166
1907,,LAKE/POND,1427760000000,-8382.57360839844,442906.7932282581
1908,,DAM/WEIR,1427760000000,9330.70227050781,71889.89084866749
1909,,TUNNEL/CULVERT,1427760000000,-3765.45239257813,802771.1722349442
1910,,LAKE/POND,1427760000000,-15072.0622558594,893062.2864522926
1911,,DAM/WEIR,1427760000000,7526.68200683594,11115.554700822655
1912,,DAM/WEIR,1427760000000,3721.05578613281,178686.1366753723
1913,,SPILLWAY,1427760000000,673.219482421875,903912.8944724106
1914,,DAM/WEIR,1427760000000,12134.3012695313,549538.1139451653
1915,,STREAM/RIVER,1427760000000,-2296.59790039063,150124.42425080706
1916,,LAKE/POND,1427760000000,2955.322265625,202869.97077344533
1917,,LAKE/POND,1427760000000,-20914.4281005859,660019.5856264462
1918,,LAKE/POND,1427760000000,-8705.81359863281,724843.615747826
1919,,DAM/WEIR,1427760000000,2401.439453125,599466.2664722686
1920,,LAKE/POND,1427760000000,72720.9195556641,953152.1119261546
1921,,TUNNEL/CULVERT,1427760000000,4764.921875,494113.7032378072
1922,,DAM/WEIR,1427760000000,-4671.82238769531,300341.5846794003
1923,,DAM/WEIR,1427760000000,13021.3082275391,477284.7094518889
1924,,LAKE/POND,1427760000000,62697.1340332031,359729.9673709506
1925,,LAKE/POND,1427760000000,80314.8096923828,224493.22666952616
1926,,DAM/WEIR,1427760000000,9093.14392089844,46058.607051956715
1927,,DAM/WEIR,1427760000000,-3718.49914550781,352276.9201032741
1928,,DAM/WEIR,1427760000000,2585.69140625,711437.4953656236
1929,,LAKE/POND,1427760000000,23221.2581787109,18535.940657103416
1930,,LAKE/POND,1427760000000,8709.17797851563,439234.1561761009
1931,,LAKE/POND,1427760000000,8589.3994140625,644044.356500322
1932,,DAM/WEIR,1427760000000,5278.015625,610442.4583592806
1933,,STREAM/RIVER,1427760000000,-49293.4969482422,776669.9943966911
1934,,TUNNEL/CULVERT,1427760000000,-4238.58923339844,810537.8531685158
1935,,RESERVOIR,1427760000000,5368.96081542969,711733.938631475
1936,,RESERVOIR,1427760000000,19168.6553955078,102887.3135774388
1937,,LAKE/POND,1427760000000,3252.30859375,475074.4667375162
1938,,TUNNEL/CULVERT,1427760000000,-3725.23205566406,603445.0134859023
1939,,STREAM/RIVER,1427760000000,-89602.5653076172,245641.23663953185
1940,,TUNNEL/CULVERT,1427760000000,1882.04504394531,42647.51991319419
1941,,DAM/WEIR,1427760000000,9625.88793945313,223667.73825363844
1942,,TUNNEL/CULVERT,1427760000000,-2304.31713867188,454948.45739806385
1943,,LAKE/POND,1427760000000,165754.239257813,413988.51209237636
1944,,DAM/WEIR,1427760000000,-4575.2275390625,176749.1379620476
1945,,DAM/WEIR,1427760000000,4335.455078125,824432.2767136818
1946,,SPILLWAY,1427760000000,-3171.98046875,925693.1743831822
1947,,RESERVOIR,1427760000000,-2282.73596191406,201427.9828724909
1948,,DAM/WEIR,1427760000000,-3021.66687011719,929579.0287027494
1949,,LAKE/POND,1427760000000,66042.9716796875,17959.15521830413
1950,,RESERVOIR,1427760000000,6062.80334472656,924969.051497202
1951,,LAKE/POND,1427760000000,10647.0600585938,951932.6452731098
1952,,DAM/WEIR,1427760000000,1434.58801269531,12150.645777760594
1953,,ROCK/ISLAND,1427760000000,503.347900390625,763042.2318277736
1954,,ROCK/ISLAND,1427760000000,-403.382446289063,970203.5822110139
1955,,DAM/WEIR,1427760000000,25540.0073242188,905910.7226936778
1956,,LAKE/POND,1427760000000,-47392.8803710938,970712.1194699322
1957,,LAKE/POND,1427760000000,807515.677978516,550367.9230235638
1958,,DAM/WEIR,1427760000000,22824.3443603516,78248.24611525986
1959,,LAKE/POND,1427760000000,76958.8483886719,849803.3690960578
1960,,LAKE/POND,1427760000000,-41451.3775634766,613866.2591551748
1961,,RESERVOIR,1427760000000,3127.94311523438,614774.6557771261
1962,,DAM/WEIR,1427760000000,-10855.2067871094,417311.46724409045
1963,,DAM/WEIR,1427760000000,-8042.33129882813,571884.2204814805
1964,,SPILLWAY,1427760000000,770.078247070313,153664.26752842683
1965,,LAKE/POND,1427760000000,13816.8800048828,739795.3097934672
1966,,RESERVOIR,1427760000000,7406.6533203125,75109.73060349982
1967,,RESERVOIR,1427760000000,-1756.69372558594,729807.0591863206
1968,,SPILLWAY,1427760000000,330.791381835938,848992.6758041689
1969,,DAM/WEIR,1427760000000,11749.0041503906,472520.95822805417
1970,,LAKE/POND,1427760000000,5000.87390136719,509878.8731900776
1971,,STREAM/RIVER,1427760000000,7169.5556640625,312282.73928051314
1972,,DAM/WEIR,1427760000000,-8795.67761230469,969460.6684086313
1973,,LAKE/POND,1427760000000,22071.5698242188,733150.4289876148
1974,,DAM/WEIR,1427760000000,14832.3319091797,369051.28545646166
1975,,LAKE/POND,1427760000000,5745.89025878906,174889.73068699552
1976,,RESERVOIR,1456617600000,12634.0908203125,219657.41466327893
1977,,RESERVOIR,1456617600000,10798.8787841797,463975.42995915294
1978,,DAM/WEIR,1456617600000,9970.86340332031,942573.2009059062
1979,,DAM/WEIR,1456617600000,8007.71643066406,734172.1969799963
1980,,STREAM/RIVER,1486944000000,-2934.96923828125,215322.00856058372
1981,,STREAM/RIVER,1486944000000,-4297.94018554688,859574.3177444227
1982,,DAM/WEIR,1486944000000,19173.1162109375,378262.3247568571
1983,,DAM/WEIR,1486944000000,17593.3291015625,851736.1588120606
1984,,DAM/WEIR,1486944000000,60324.7595214844,241775.18632173486
1985,,DAM/WEIR,1486944000000,10566.5850830078,618698.1272145121
1986,,DAM/WEIR,1486944000000,21572.4345703125,926676.8943619857
1987,,LAKE/POND,1427760000000,-5023.52905273438,257967.9618528702
1988,,TUNNEL/CULVERT,1427760000000,2902.15441894531,692956.6050002058
1989,,RESERVOIR,1427760000000,7018.45153808594,987312.9013825281
1990,,DAM/WEIR,1427760000000,2975.85864257813,150683.07681599195
1991,,RESERVOIR,1427760000000,2602.16491699219,88493.36206931363
1992,,DAM/WEIR,1427760000000,11291.5521240234,674227.0987303792
1993,,LAKE/POND,1427760000000,8898.12658691406,339801.63441830775
1994,,DAM/WEIR,1427760000000,15541.4349365234,71337.2816743771
1995,,RESERVOIR,1427760000000,1456.65930175781,475357.6120161979
1996,,RESERVOIR,1427760000000,-3187.53845214844,753794.5488053117
1997,,DAM/WEIR,1427760000000,5298.33142089844,285193.60305274685
1998,,LAKE/POND,1427760000000,38766.1303710938,335113.0377705067
1999,,LAKE/POND,1427760000000,-2555.99926757813,845713.9850075068
2000,,STREAM/RIVER,1427760000000,9393.00354003906,520119.38499834965
2001,,TUNNEL/CULVERT,1427760000000,2629.62219238281,842746.8528776226
2002,,STREAM/RIVER,1427760000000,2908.84069824219,446444.40680500295
2003,,DAM/WEIR,1427760000000,33929.1940917969,952978.9110687858
2004,,DAM/WEIR,1427760000000,-620.897216796875,650828.8594641753
2005,,LAKE/POND,1427760000000,-1045.71472167969,115987.15953385217
2006,,DAM/WEIR,1427760000000,-21060.5506591797,885103.5938349898
2007,,LAKE/POND,1427760000000,111539.412841797,489315.7750465239
2008,,STREAM/RIVER,1427760000000,3419118.43041992,141724.66243713972
2009,,SPILLWAY,1427760000000,3759.50048828125,152774.71213790274
2010,,RESERVOIR,1427760000000,1295.8544921875,687564.4941824257
2011,,DAM/WEIR,1427760000000,-2342.57788085938,47467.7221063101
2012,,DAM/WEIR,1427760000000,-36891.2651367188,286664.818943557
2013,,DAM/WEIR,1427760000000,-6124.67590332031,139873.47192323065
2014,,DAM/WEIR,1427760000000,11507.6184082031,441132.8807968929
2015,,DAM/WEIR,1427760000000,-13300.3137207031,414411.92226338986
2016,,RESERVOIR,1427760000000,3847.89990234375,521923.72516895237
2017,,DAM/WEIR,1427760000000,6311.79931640625,279708.0858332909
2018,,LAKE/POND,1427760000000,13095.4956054688,32140.35297565
2019,,TUNNEL/CULVERT,1427760000000,-3138.3984375,614424.0535384257
2020,,DAM/WEIR,1427760000000,-3679.93542480469,373780.2573640602
2021,,DAM/WEIR,1427760000000,7957.71069335938,651369.2139051737
2022,,LAKE/POND,1427760000000,37764.9664306641,108755.99544021723
2023,,LAKE/POND,1427760000000,-1818.24938964844,13875.963781165632
2024,,LAKE/POND,1427760000000,902.873657226563,248369.17016625634
2025,,DAM/WEIR,1427760000000,4189.24365234375,456601.2117144298
2026,,DAM/WEIR,1427760000000,32249.6964111328,394132.17289907625
2027,,RESERVOIR,1427760000000,-6716.02380371094,810320.7147153838
2028,,ROCK/ISLAND,1427760000000,-11434.3542480469,377899.48259076045
2029,,ROCK/ISLAND,1427760000000,-14999.0946044922,530487.605043939
2030,,LAKE/POND,1427760000000,-880113.018676758,593555.6473673555
2031,,TUNNEL/CULVERT,1427760000000,3124.09265136719,21929.186675255376
2032,,TUNNEL/CULVERT,1427760000000,1987.67077636719,515181.34837512753
2033,,LAKE/POND,1427760000000,1991.06945800781,344896.43144163856
2034,,DAM/WEIR,1427760000000,1867.61096191406,421337.5783903586
2035,,DAM/WEIR,1427760000000,-445.33935546875,100377.26946800224
2036,,RESERVOIR,1427760000000,-5670.59326171875,782841.5007715147
2037,,RESERVOIR,1427760000000,2921.37329101563,942409.0679791908
2038,,RESERVOIR,1427760000000,21604.294921875,22366.571478716418
2039,,DAM/WEIR,1427760000000,26823.8443603516,601412.0241623039
2040,,DAM/WEIR,1427760000000,-8747.79052734375,763866.919037562
2041,,STREAM/RIVER,1427760000000,-24170.6452636719,284878.82308343577
2042,,STREAM/RIVER,1427760000000,-1378.20458984375,787576.0417491456
2043,,LAKE/POND,1427760000000,235561.270263672,632391.1829061739
2044,,TUNNEL/CULVERT,1427760000000,6539.94287109375,929168.7868452106
2045,,RESERVOIR,1427760000000,4728.90173339844,981005.7298678261
2046,,RESERVOIR,1427760000000,13681.5682373047,42441.837041190935
2047,,LAKE/POND,1427760000000,-187785.274658203,444992.8223131425
2048,,DAM/WEIR,1427760000000,781.942016601563,547032.5418116729
2049,,LAKE/POND,1427760000000,-3888.51220703125,146828.4121410985
2050,,STREAM/RIVER,1427760000000,41346.2054443359,336351.8655584885
2051,,STREAM/RIVER,1427760000000,71580.9833984375,987647.6953642383
2052,,TUNNEL/CULVERT,1427760000000,2265.46032714844,16328.817066380854
2053,,STREAM/RIVER,1427760000000,-4332.171875,452562.22822330013
2054,,DAM/WEIR,1427760000000,6847.93688964844,842669.5136014026
2055,,LAKE/POND,1427760000000,2095.42346191406,323968.54869175376
2056,,DAM/WEIR,1427760000000,-5927.56115722656,479850.0431063751
2057,,RESERVOIR,1427760000000,-6854.76977539063,978046.9631676554
2058,,RESERVOIR,1427760000000,3326.94934082031,474928.87391521985
2059,,RESERVOIR,1427760000000,-7291.23486328125,131008.08909397224
2060,,DAM/WEIR,1427760000000,-5277.7734375,51816.267795732754
2061,,LAKE/POND,1427760000000,-1117.35791015625,945421.0853661321
2062,,SPILLWAY,1427760000000,-2267.17211914063,265882.5665243249
2063,,DAM/WEIR,1427760000000,13941.9698486328,504112.9961099879
2064,,RESERVOIR,1427760000000,2713.44299316406,90792.60521159352
2065,,LAKE/POND,1427760000000,-1349.80627441406,423712.33138342947
2066,,LAKE/POND,1427760000000,6407.86950683594,930111.5785926798
2067,,DAM/WEIR,1427760000000,-5664.49926757813,502462.2499185817
2068,,LAKE/POND,1427760000000,-25261.8825683594,971137.0671519958
2069,,STREAM/RIVER,1427760000000,-23078.2459716797,258909.4948380387
2070,,DAM/WEIR,1427760000000,11733.3223876953,504594.2806347271
2071,,TUNNEL/CULVERT,1427760000000,2115.03552246094,859543.9791993524
2072,,LAKE/POND,1427760000000,234413.897094727,448307.08106593386
2073,,DAM/WEIR,1427760000000,-5044.748046875,279559.145345459
2074,,CANAL/DITCH,1427760000000,-1986.71044921875,855488.9604061765
2075,,SPILLWAY,1427760000000,-1876.67443847656,389950.09003625286
2076,,DAM/WEIR,1427760000000,3822.09375,530769.688007837
2077,,RESERVOIR,1427760000000,-11949.7081298828,976528.4371814377
2078,,LAKE/POND,1427760000000,1883.056640625,186564.45994309356
2079,,DAM/WEIR,1427760000000,17063.1828613281,301470.1952558769
2080,,LAKE/POND,1427760000000,43629.0985107422,31166.462040232887
2081,,TUNNEL/CULVERT,1427760000000,3548.62817382813,391898.1343013518
2082,,DAM/WEIR,1427760000000,-4805.07800292969,200263.21205837047
2083,,LAKE/POND,1427760000000,16182.3369140625,680066.2518794152
2084,,LAKE/POND,1427760000000,-41633.4276123047,181403.14529851702
2085,,TUNNEL/CULVERT,1427760000000,4507.28747558594,674844.5963178767
2086,,STREAM/RIVER,1427760000000,17991.5559082031,263548.81717107055
2087,,RESERVOIR,1427760000000,-21600.3522949219,355281.9571199535
2088,,RESERVOIR,1427760000000,1895.54052734375,348925.4171205408
2089,,DAM/WEIR,1427760000000,-6547.89758300781,716779.3582368428
2090,,TUNNEL/CULVERT,1427760000000,-1517.23059082031,466562.1457027661
2091,,DAM/WEIR,1427760000000,79283.4996337891,361362.40766389895
2092,,TUNNEL/CULVERT,1427760000000,1924.95971679688,852636.6041448269
2093,,TUNNEL/CULVERT,1427760000000,3169.98803710938,571992.8586280129
2094,,TUNNEL/CULVERT,1427760000000,1461.75146484375,213909.22436504872
2095,,LAKE/POND,1427760000000,16086.07421875,900100.3689245901
2096,,DAM/WEIR,1427760000000,-3503.5849609375,342715.6883537412
2097,,LAKE/POND,1427760000000,-12271.1810302734,39075.440620189125
2098,,DAM/WEIR,1427760000000,2037.99682617188,494650.2693518315
2099,,DAM/WEIR,1427760000000,-777.573974609375,124025.53669737927
2100,,LAKE/POND,1427760000000,1800.2216796875,238542.35860492726
2101,,RESERVOIR,1427760000000,-2400.37377929688,747135.4144892696
2102,,RESERVOIR,1427760000000,-3978.73657226563,130838.60744316758
2103,,SPILLWAY,1427760000000,2119.55212402344,806962.7229873759
2104,,RESERVOIR,1427760000000,1964.36926269531,936912.6604948525
2105,,DAM/WEIR,1427760000000,1730.63061523438,606570.8406658035
2106,,DAM/WEIR,1427760000000,476.364990234375,710387.445744435
2107,,DAM/WEIR,1427760000000,-2941.4501953125,713614.5376598168
2108,,DAM/WEIR,1427760000000,6198.23669433594,992807.6836667606
2109,,LAKE/POND,1427760000000,-19624.0264892578,341603.7668371405
2110,,DAM/WEIR,1427760000000,4543.99572753906,162940.10273102697
2111,,DAM/WEIR,1427760000000,-13769.6169433594,519214.7990235951
2112,,LAKE/POND,1427760000000,19476.7561035156,533295.9516009152
2113,,DAM/WEIR,1427760000000,-3244.3115234375,177994.51913482658
2114,,DAM/WEIR,1427760000000,20248.7137451172,613147.4949428211
2115,,DAM/WEIR,1427760000000,2650.09521484375,14223.306878742811
2116,,LAKE/POND,1427760000000,35680.2325439453,927674.7079455737
2117,,RESERVOIR,1427760000000,-8462.37097167969,264647.5558192017
2118,,DAM/WEIR,1427760000000,7535.19189453125,39656.2128091444
2119,,DAM/WEIR,1427760000000,-7519.57043457031,108338.50828126808
2120,,TUNNEL/CULVERT,1427760000000,-1472.02905273438,240324.68313586546
2121,,LAKE/POND,1427760000000,-4770.89135742188,273978.504083016
2122,,LAKE/POND,1427760000000,-50439.7875976563,32906.6856877794
2123,,DAM/WEIR,1427760000000,2442.45910644531,279426.5973576976
2124,,LAKE/POND,1427760000000,-5461.15588378906,193022.24937809628
2125,,TUNNEL/CULVERT,1427760000000,-1271.52709960938,378682.6867208477
2126,,DAM/WEIR,1427760000000,3505.08520507813,385228.83541449625
2127,,DAM/WEIR,1427760000000,29346.53515625,339073.5008210782
2128,,DAM/WEIR,1427760000000,5391.86962890625,327990.7632184674
2129,,LAKE/POND,1427760000000,10486.8088378906,89822.21488219936
2130,,DAM/WEIR,1427760000000,-10199.2312011719,25302.401426502427
2131,,DAM/WEIR,1427760000000,6013.66064453125,202193.8866121508
2132,,RESERVOIR,1427760000000,-5052.35498046875,756673.0058244462
2133,,TUNNEL/CULVERT,1427760000000,-1443.32080078125,990809.6937648015
2134,,RESERVOIR,1427760000000,-3630.37316894531,928532.3939136482
2135,,RESERVOIR,1427760000000,8912.62670898438,504268.4293828593
2136,,STREAM/RIVER,1427760000000,-34861.2697753906,531870.1415685007
2137,,STREAM/RIVER,1427760000000,49463.0498046875,314649.79629736993
2138,,LAKE/POND,1427760000000,-49303.2248535156,773961.2707543538
2139,,DAM/WEIR,1427760000000,4010.45959472656,764779.4475071675
2140,,SPILLWAY,1427760000000,4000.58129882813,844287.0860743287
2141,,DAM/WEIR,1427760000000,-30046.4976806641,895514.1312345875
2142,,LAKE/POND,1427760000000,651888.114624023,434405.37895122496
2143,,LAKE/POND,1427760000000,2903.13073730469,766898.1136748188
2144,,DAM/WEIR,1427760000000,4604.19177246094,806417.2825242702
2145,,STREAM/RIVER,1427760000000,-124971.628540039,308528.46807587787
2146,,TUNNEL/CULVERT,1427760000000,1576.072265625,929248.3905395053
2147,,STREAM/RIVER,1427760000000,-5917.91003417969,94431.97414788886
2148,,STREAM/RIVER,1427760000000,-5209.7421875,994268.7579761874
2149,,DAM/WEIR,1427760000000,-14883.6198730469,770112.9389963354
2150,,DAM/WEIR,1427760000000,11380.3238525391,93361.48496288949
2151,,LAKE/POND,1427760000000,-46306.8785400391,656263.368910542
2152,,LAKE/POND,1427760000000,5620.86096191406,34275.958807756404
2153,,DAM/WEIR,1427760000000,-3925.32727050781,770209.160562289
2154,,CANAL/DITCH,1427760000000,3085.25085449219,799242.2001439678
2155,,DAM/WEIR,1427760000000,-10472.5172119141,602449.4096558854
2156,,CANAL/DITCH,1427760000000,13186.2371826172,856873.8490169869
2157,,STREAM/RIVER,1427760000000,4100.17272949219,97973.394003558
2158,,CANAL/DITCH,1427760000000,-2379.56359863281,275995.9737327671
2159,,SPILLWAY,1427760000000,-3224.83020019531,414235.68966298964
2160,,DAM/WEIR,1427760000000,7771.62841796875,42553.66457486264
2161,,STREAM/RIVER,1427760000000,40230.7757568359,448270.8177463215
2162,,DAM/WEIR,1427760000000,6252.16052246094,265286.6695534986
2163,,STREAM/RIVER,1427760000000,-44186.0626220703,392795.3458655307
2164,,DAM/WEIR,1427760000000,3012.26208496094,425159.69662647526
2165,,LAKE/POND,1427760000000,-12367.2194824219,879422.9129026028
2166,,LAKE/POND,1427760000000,-3864.66186523438,270413.6660896158
2167,,DAM/WEIR,1427760000000,1908.02844238281,893752.8606602717
2168,,TUNNEL/CULVERT,1427760000000,866.5751953125,426027.94174540316
2169,,DAM/WEIR,1427760000000,12500.4860839844,327874.6121141959
2170,,RESERVOIR,1427760000000,4024.02355957031,502561.2956181632
2171,,DAM/WEIR,1427760000000,-21758.7020263672,417801.094290917
2172,,DAM/WEIR,1427760000000,19282.6489257813,257446.3184515275
2173,,RESERVOIR,1427760000000,-25619.5220947266,502728.5541842625
2174,,LAKE/POND,1427760000000,-106160.553955078,151886.4011037903
2175,,LAKE/POND,1427760000000,-12402.5484619141,351994.39809872076
2176,,SPILLWAY,1427760000000,1086.53198242188,565833.0745619338
2177,,RESERVOIR,1427760000000,4557.05493164063,413466.49015717517
2178,,STREAM/RIVER,1427760000000,-15369.4627685547,823929.1459023303
2179,,RESERVOIR,1427760000000,327635.115722656,256795.83263725118
2180,,TUNNEL/CULVERT,1427760000000,1607.07482910156,969773.6319015481
2181,,DAM/WEIR,1427760000000,10011.7082519531,784742.7639272454
2182,,DAM/WEIR,1427760000000,5539.72778320313,967595.2991018464
2183,,LAKE/POND,1427760000000,-21566.3541259766,838151.9030382662
2184,,DAM/WEIR,1427760000000,4874.20446777344,142189.57335513164
2185,,STREAM/RIVER,1427760000000,4905.544921875,526506.9181658596
2186,,LAKE/POND,1427760000000,18454.1877441406,170061.35336514495
2187,,RESERVOIR,1427760000000,5458.68469238281,818244.711664642
2188,,LAKE/POND,1427760000000,85821.4754638672,584203.1488062284
2189,,RESERVOIR,1427760000000,-32725.974609375,263522.7059761557
2190,,DAM/WEIR,1427760000000,32315.5289306641,929605.0825109986
2191,,LAKE/POND,1427760000000,-27244.4836425781,115274.41952287595
2192,,DAM/WEIR,1427760000000,-5569.3466796875,563905.4533685634
2193,,LAKE/POND,1427760000000,12767.5512695313,721067.7295707042
2194,,LAKE/POND,1427760000000,68322.3677978516,58942.59363016121
2195,,RESERVOIR,1427760000000,64703.7836914063,597895.6497468498
2196,,DAM/WEIR,1427760000000,17058.2746582031,815918.8094403323
2197,,DAM/WEIR,1427760000000,26465.7333984375,67620.49415929714
2198,,RESERVOIR,1427760000000,13192.7884521484,512291.23456654535
2199,,STREAM/RIVER,1427760000000,6761.22863769531,258631.06387374699
2200,,RESERVOIR,1427760000000,-20467.2478027344,662957.4961673156
2201,,DAM/WEIR,1427760000000,18053.4235839844,118765.38066476994
2202,,DAM/WEIR,1427760000000,-20429.4732666016,937056.7884760092
2203,,LAKE/POND,1427760000000,-30774.9332275391,894738.2141279787
2204,,LAKE/POND,1427760000000,-8629.48486328125,186055.63645930172
2205,,LAKE/POND,1427760000000,19137.3308105469,323333.23451078375
2206,,LAKE/POND,1427760000000,1769.90380859375,587675.623520603
2207,,STREAM/RIVER,1427760000000,27252.4254150391,718089.8123382503
2208,,DAM/WEIR,1427760000000,1163.962890625,442711.306902727
2209,,RESERVOIR,1427760000000,14499.4653320313,156375.536537457
2210,,DAM/WEIR,1427760000000,-4948.34191894531,104240.9745019975
2211,,DAM/WEIR,1427760000000,12002.8818359375,999764.3606153155
2212,,SPILLWAY,1427760000000,8604.64306640625,455406.1308792214
2213,,DAM/WEIR,1427760000000,33914.59375,872543.6234418342
2214,,DAM/WEIR,1427760000000,-10478.8055419922,482427.2846526469
2215,,RESERVOIR,1427760000000,-80331.4498291016,922364.4804245101
2216,,DAM/WEIR,1427760000000,9943.59045410156,87850.51907389067
2217,,DAM/WEIR,1427760000000,-2946.78173828125,114107.67539622617
2218,,STREAM/RIVER,1427760000000,-113527.109375,929638.2948732642
2219,,LAKE/POND,1427760000000,2285278.60107422,947497.3482472354
2220,,LAKE/POND,1427760000000,-3653.40051269531,314785.6610031693
2221,,DAM/WEIR,1427760000000,-29849.1700439453,355229.01534028543
2222,,DAM/WEIR,1427760000000,14309.1127929688,452504.53736103966
2223,,LAKE/POND,1427760000000,43708.1824951172,416219.64773760404
2224,,LAKE/POND,1427760000000,2469.68078613281,190126.02139278475
2225,,RESERVOIR,1427760000000,-61975.0635986328,898384.6480255966
2226,,SPILLWAY,1427760000000,-4252.28234863281,253382.01663797247
2227,,DAM/WEIR,1427760000000,8412.625,705301.1769642943
2228,,SPILLWAY,1427760000000,4102.92077636719,67248.89501152166
2229,,DAM/WEIR,1427760000000,-34378.1634521484,38847.4176439451
2230,,LAKE/POND,1427760000000,13722.9798583984,653764.4457991903
2231,,DAM/WEIR,1427760000000,9872.17712402344,339081.61697164545
2232,,RESERVOIR,1427760000000,18366.2421875,655493.1913213365
2233,,LAKE/POND,1427760000000,-12057.9000244141,94111.70602741132
2234,,DAM/WEIR,1427760000000,-2159.537109375,949855.4449264918
2235,,RESERVOIR,1427760000000,-4791.91796875,748538.8669319393
2236,,DAM/WEIR,1427760000000,-2561.45251464844,876278.7300352636
2237,,RESERVOIR,1427760000000,12150.9782714844,136556.77051855242
2238,,DAM/WEIR,1427760000000,5803.10498046875,320228.6326350112
2239,,RESERVOIR,1427760000000,15406.6413574219,368406.9614457592
2240,,DAM/WEIR,1427760000000,3202.32604980469,537218.3938893375
2241,,RESERVOIR,1427760000000,-8424.69750976563,296938.50179037807
2242,,TUNNEL/CULVERT,1427760000000,-8087.71423339844,60724.618484443985
2243,,RESERVOIR,1427760000000,-8029.86608886719,368941.12402101624
2244,,STREAM/RIVER,1427760000000,-99089.7429199219,254623.6051465048
2245,,RESERVOIR,1427760000000,6077.15905761719,385982.3134127771
2246,,TUNNEL/CULVERT,1427760000000,5729.84301757813,197039.64970622162
2247,,LAKE/POND,1427760000000,6016.27197265625,261969.92303090444
2248,,RESERVOIR,1427760000000,4954.49865722656,626989.0182458851
2249,,DAM/WEIR,1427760000000,22636.5308837891,388214.6310407727
2250,,TUNNEL/CULVERT,1427760000000,-974.243286132813,345448.50944678194
2251,,LAKE/POND,1427760000000,5654.07116699219,533951.7082534679
2252,,SPILLWAY,1427760000000,-231.322387695313,771882.5829293005
2253,,LAKE/POND,1427760000000,5703.845703125,378929.6906843661
2254,,DAM/WEIR,1427760000000,5896.60229492188,587560.1530870924
2255,,LAKE/POND,1427760000000,-8936.19494628906,966205.038903014
2256,,DAM/WEIR,1427760000000,-5609.09484863281,522027.39412652474
2257,,DAM/WEIR,1427760000000,-33008.2590332031,909805.6869623162
2258,,DAM/WEIR,1427760000000,4308.75122070313,793692.463321377
2259,,LAKE/POND,1427760000000,-1243045.36035156,58812.75106330304
2260,,LAKE/POND,1427760000000,-2722.70336914063,429155.53248323844
2261,,LAKE/POND,1427760000000,-133939.593994141,698347.8777093934
2262,,ROCK/ISLAND,1427760000000,178.543334960938,986712.2545450426
2263,,DAM/WEIR,1427760000000,9089.86779785156,458429.99515610526
2264,,LAKE/POND,1427760000000,1673.15344238281,92876.08279587264
2265,,DAM/WEIR,1427760000000,-2246.29565429688,562052.4117862218
2266,,RESERVOIR,1427760000000,-4243.44677734375,126651.00918095578
2267,,LAKE/POND,1427760000000,73438.1961669922,751543.6568038051
2268,,DAM/WEIR,1427760000000,-50872.9169921875,507725.72208503424
2269,,LAKE/POND,1427760000000,-33253.3206787109,723458.3018090804
2270,,SPILLWAY,1427760000000,2080.78784179688,869374.021334009
2271,,SPILLWAY,1427760000000,-2673.16784667969,628984.4934130437
2272,,DAM/WEIR,1427760000000,-21665.5875244141,612477.472880927
2273,,SPILLWAY,1427760000000,2874.07666015625,754594.0838397918
2274,,DAM/WEIR,1427760000000,16930.5540771484,842469.9134975206
2275,,LAKE/POND,1427760000000,-2360.66040039063,869066.0118445887
2276,,RESERVOIR,1427760000000,-21560.6654052734,36526.516233119335
2277,,LAKE/POND,1427760000000,7816.50744628906,556234.1215778127
2278,,LAKE/POND,1427760000000,-40745.9497070313,216347.46659726187
2279,,DAM/WEIR,1427760000000,-15933.2419433594,860358.9958468144
2280,,CANAL/DITCH,1427760000000,695.891845703125,648432.1970371556
2281,,DAM/WEIR,1427760000000,9066.26013183594,420280.0365620559
2282,,RESERVOIR,1427760000000,5574.43811035156,188185.22959431104
2283,,TUNNEL/CULVERT,1427760000000,-13167.4466552734,339089.38453360857
2284,,TUNNEL/CULVERT,1427760000000,-1381.13061523438,703806.612993076
2285,,TUNNEL/CULVERT,1427760000000,3393.1181640625,204438.9048975724
2286,,RESERVOIR,1427760000000,7937.1923828125,93673.49346089357
2287,,RESERVOIR,1427760000000,-3490.92565917969,888039.06732297
2288,,DAM/WEIR,1427760000000,4805.98156738281,764233.1643348092
2289,,RESERVOIR,1427760000000,-10382.8811035156,199874.7513701361
2290,,TUNNEL/CULVERT,1427760000000,1059.28186035156,292382.0199641052
2291,,DAM/WEIR,1427760000000,68075.8771972656,972071.9980429955
2292,,RESERVOIR,1427760000000,5010.29919433594,708212.9601259547
2293,,LAKE/POND,1427760000000,1918.49743652344,610560.3414913991
2294,,LAKE/POND,1427760000000,1858.1142578125,307697.4149471025
2295,,DAM/WEIR,1427760000000,-5318.24169921875,299194.93252696143
2296,,LAKE/POND,1427760000000,-17739.2286376953,39619.62680474275
2297,,LAKE/POND,1427760000000,49829.8706054688,728508.2902333743
2298,,RESERVOIR,1427760000000,-60274.46875,43270.86435915379
2299,,LAKE/POND,1427760000000,-62104.7939453125,4956.847186163531
2300,,DAM/WEIR,1427760000000,-11280.2839355469,729521.4088571052
2301,,RESERVOIR,1427760000000,3894.43408203125,948877.9208996533
2302,,DAM/WEIR,1427760000000,15239.7384033203,756526.64091949
2303,,LAKE/POND,1427760000000,12273.1602783203,471692.55496512563
2304,,DAM/WEIR,1427760000000,-10667.9909667969,486096.1589906674
2305,,DAM/WEIR,1427760000000,-3356.12231445313,436192.3728704178
2306,,LAKE/POND,1427760000000,8270.458984375,324710.8780999555
2307,,RESERVOIR,1427760000000,-2856.77893066406,521761.52105020743
2308,,RESERVOIR,1427760000000,-8409.28833007813,431207.4108944438
2309,,DAM/WEIR,1427760000000,-9873.44995117188,598207.4650848906
2310,,LAKE/POND,1427760000000,3378.31848144531,898129.3703729638
2311,,DAM/WEIR,1427760000000,-5456.890625,995008.9213726607
2312,,LAKE/POND,1427760000000,-22638.8916015625,78835.33681063895
2313,,DAM/WEIR,1427760000000,-2423.52014160156,384744.6196306026
2314,,LAKE/POND,1427760000000,-4416.54260253906,180787.94444103702
2315,,LAKE/POND,1427760000000,-38845.1396484375,352184.9097576672
2316,,LAKE/POND,1427760000000,3294.41345214844,287543.9837735496
2317,,LAKE/POND,1427760000000,-817.026977539063,174619.503376494
2318,,LAKE/POND,1427760000000,-6535.38159179688,764098.881739895
2319,,DAM/WEIR,1427760000000,2704.70275878906,496338.6176662101
2320,,LAKE/POND,1427760000000,301.205444335938,919252.7384134218
2321,,DAM/WEIR,1427760000000,-4734.54272460938,32689.15141024654
2322,,DAM/WEIR,1427760000000,-11398.8081054688,67071.24835266359
2323,,RESERVOIR,1427760000000,-8213.65869140625,403332.8522984681
2324,,RESERVOIR,1427760000000,5589.55529785156,80369.21239467632
2325,,RESERVOIR,1427760000000,-4413.82104492188,262803.0607255956
2326,,TUNNEL/CULVERT,1427760000000,-1816.099609375,986030.1540725728
2327,,LAKE/POND,1427760000000,85157.0010986328,209038.50256425812
2328,,LAKE/POND,1427760000000,-21677.2313232422,198197.7315202081
2329,,RESERVOIR,1427760000000,-7079.33227539063,573682.7310881607
2330,,RESERVOIR,1427760000000,-14406.529296875,498047.9929657866
2331,,RESERVOIR,1427760000000,15770.8009033203,580479.6729348273
2332,,DAM/WEIR,1427760000000,5351.72131347656,376797.2279454476
2333,,LAKE/POND,1427760000000,10314.5876464844,826778.8568965977
2334,,RESERVOIR,1427760000000,3468.58898925781,138666.55480676715
2335,,LAKE/POND,1427760000000,-16693.8500976563,428449.37818423565
2336,,DAM/WEIR,1427760000000,6496.90808105469,689792.1824973942
2337,,LAKE/POND,1427760000000,23479.3757324219,868248.7484024311
2338,,LAKE/POND,1427760000000,71444.2447509766,369634.2796245156
2339,,LAKE/POND,1427760000000,849251.558349609,567788.2567882444
2340,,DAM/WEIR,1427760000000,-18457.669921875,69232.96187281577
2341,,TUNNEL/CULVERT,1427760000000,-2898.45397949219,170401.88588392964
2342,,DAM/WEIR,1427760000000,4108.44787597656,69231.1795117054
2343,,RESERVOIR,1427760000000,-1201.44555664063,727907.3760284301
2344,,DAM/WEIR,1427760000000,10994.5303955078,288130.8746652997
2345,,DAM/WEIR,1427760000000,-9902.49694824219,723772.1919175284
2346,,LAKE/POND,1427760000000,-7902.66845703125,66491.57281709119
2347,,RESERVOIR,1427760000000,78423.8641357422,862560.6830804843
2348,,DAM/WEIR,1427760000000,16422.9041748047,835545.8095610824
2349,,RESERVOIR,1427760000000,48601.4976806641,89019.76124723456
2350,,RESERVOIR,1427760000000,-22597.7635498047,23854.107050034345
2351,,LAKE/POND,1427760000000,14608.8255615234,56383.12781188
2352,,DAM/WEIR,1427760000000,7118.78051757813,853643.9564992462
2353,,ROCK/ISLAND,1427760000000,1277.00524902344,234779.78399950152
2354,,DAM/WEIR,1427760000000,1018.07336425781,548317.942253085
2355,,LAKE/POND,1427760000000,16846.2576904297,426301.15251553553
2356,,RESERVOIR,1427760000000,-1849.73608398438,795545.178150453
2357,,LAKE/POND,1427760000000,72488.5269775391,488948.922742222
2358,,DAM/WEIR,1427760000000,19615.2512207031,500710.2739163629
2359,,DAM/WEIR,1427760000000,6385.80126953125,989092.0412140129
2360,,LAKE/POND,1427760000000,-68287.7087402344,150214.3936640254
2361,,DAM/WEIR,1427760000000,13143.5598144531,830720.0376481181
2362,,SPILLWAY,1427760000000,450.524780273438,51844.5188795788
2363,,DAM/WEIR,1427760000000,22402.7574462891,477700.5270472439
2364,,DAM/WEIR,1427760000000,32918.4134521484,886345.3041158064
2365,,DAM/WEIR,1427760000000,-11190.8546142578,665246.7789935953
2366,,LAKE/POND,1427760000000,-219535.95324707,685245.412689577
2367,,LAKE/POND,1427760000000,27774.3697509766,263390.68721097766
2368,,DAM/WEIR,1427760000000,-12391.7263183594,418632.51530752674
2369,,DAM/WEIR,1427760000000,6421.82409667969,366644.0388116371
2370,,LAKE/POND,1427760000000,63098.5804443359,521490.54439376824
2371,,TUNNEL/CULVERT,1427760000000,7362.35852050781,462281.24512272363
2372,,DAM/WEIR,1427760000000,-8105.58251953125,326965.3351434498
2373,,DAM/WEIR,1427760000000,6880.05871582031,305549.7588293206
2374,,DAM/WEIR,1427760000000,8675.86779785156,250927.555513065
2375,,TUNNEL/CULVERT,1427760000000,-1956.818359375,365110.3771128231
2376,,SPILLWAY,1427760000000,1414.77661132813,150026.3338447893
2377,,DAM/WEIR,1427760000000,330.775390625,872116.2194690715
2378,,RESERVOIR,1427760000000,3391.12060546875,602158.5777748522
2379,,LAKE/POND,1427760000000,-36105.1292724609,133872.91316487046
2380,,DAM/WEIR,1427760000000,-9837.81567382813,693889.2544162462
2381,,SPILLWAY,1427760000000,2923.84338378906,847680.8536847053
2382,,LAKE/POND,1427760000000,-183989.767822266,237611.6809493816
2383,,LAKE/POND,1427760000000,206020.704345703,150685.38367723586
2384,,LAKE/POND,1427760000000,47335.5067138672,8716.386790781546
2385,,LAKE/POND,1427760000000,-43797.5874023438,47345.566572260606
2386,,DAM/WEIR,1427760000000,5324.46313476563,762274.3609173329
2387,,LAKE/POND,1427760000000,31728.3153076172,987186.6262221576
2388,,DAM/WEIR,1427760000000,6343.61730957031,44975.7895637065
2389,,LAKE/POND,1427760000000,15012.0529785156,748095.4039130255
2390,,DAM/WEIR,1427760000000,7186.91906738281,71954.90776221012
2391,,LAKE/POND,1427760000000,-9771.53759765625,592173.0194883515
2392,,DAM/WEIR,1427760000000,-4736.82727050781,756098.9188247126
2393,,LAKE/POND,1427760000000,24393.9232177734,359268.1176236136
2394,,DAM/WEIR,1427760000000,-7767.4482421875,11033.61670383156
2395,,LAKE/POND,1427760000000,-7303.57434082031,595229.2380008613
2396,,DAM/WEIR,1427760000000,-3328.32397460938,991244.5124325856
2397,,LAKE/POND,1427760000000,160497.174438477,257691.40347878906
2398,,RESERVOIR,1427760000000,-12465.7689208984,189572.1385682199
2399,,DAM/WEIR,1427760000000,4292.38537597656,124013.37623834686
2400,,RESERVOIR,1427760000000,-4986.14660644531,555299.5390824463
2401,,TUNNEL/CULVERT,1427760000000,2206.80139160156,596484.8584052379
2402,,STREAM/RIVER,1427760000000,-10977.0472412109,792290.8178158482
2403,,RESERVOIR,1427760000000,-5691.00732421875,753097.2132198741
2404,,DAM/WEIR,1427760000000,3291.86975097656,892551.3481041129
2405,,DAM/WEIR,1427760000000,13513.0375976563,805791.3152997688
2406,,TUNNEL/CULVERT,1427760000000,-1860.0986328125,247342.10910405344
2407,,DAM/WEIR,1427760000000,10146.3588867188,555921.2612578686
2408,,LAKE/POND,1427760000000,22763.4370117188,297481.92048571154
2409,,DAM/WEIR,1427760000000,-28522.15625,329852.07122816774
2410,,DAM/WEIR,1427760000000,6842.37963867188,931950.2428487041
2411,,TUNNEL/CULVERT,1427760000000,-4996.3076171875,681927.0335806618
2412,,LAKE/POND,1427760000000,92165.9547119141,974591.9796193675
2413,,DAM/WEIR,1427760000000,-17973.7113037109,416970.4285525359
2414,,SPILLWAY,1427760000000,669.364868164063,537483.2921590678
2415,,LAKE/POND,1427760000000,-74371.9392089844,487166.22125901014
2416,,DAM/WEIR,1427760000000,17312.1956787109,107376.22153091701
2417,,DAM/WEIR,1427760000000,155127.075561523,236778.08762515616
2418,,DAM/WEIR,1427760000000,16001.0532226563,527683.0693320611
2419,,SPILLWAY,1427760000000,17278.5262451172,67467.5003281878
2420,,ROCK/ISLAND,1427760000000,3064.79833984375,931467.8516540291
2421,,ROCK/ISLAND,1427760000000,-35149.1080322266,123931.17373149453
2422,,LAKE/POND,1427760000000,-103215.537597656,198060.750361519
2423,,RESERVOIR,1427760000000,-32220.0167236328,765343.9264950188
2424,,DAM/WEIR,1427760000000,756.05078125,97024.75140059298
2425,,LAKE/POND,1427760000000,7023.01037597656,900287.1715273482
2426,,DAM/WEIR,1427760000000,2799.18811035156,725727.6749244926
2427,,TUNNEL/CULVERT,1427760000000,4460.68713378906,68713.9264022909
2428,,LAKE/POND,1427760000000,1725.72216796875,691877.184732463
2429,,LAKE/POND,1427760000000,-3179.63366699219,631664.7476885585
2430,,RESERVOIR,1427760000000,-3072.81958007813,757372.9404472118
2431,,RESERVOIR,1427760000000,2621.80139160156,828214.2045062344
2432,,RESERVOIR,1427760000000,-27455.8756103516,718378.0097662746
2433,,RESERVOIR,1427760000000,-10277.9732666016,586217.0914651495
2434,,RESERVOIR,1427760000000,13945.6079101563,322530.74978660094
2435,,RESERVOIR,1427760000000,1649.47192382813,697303.2371900843
2436,,RESERVOIR,1427760000000,5271.87976074219,956974.9305007318
2437,,RESERVOIR,1427760000000,-2632.76257324219,587562.4408290408
2438,,RESERVOIR,1427760000000,20384.7373046875,664377.769602542
2439,,LAKE/POND,1427760000000,-604322.567260742,437183.8922675385
2440,,LAKE/POND,1427760000000,4988.26623535156,756144.4415412904
2441,,LAKE/POND,1427760000000,-14185.4533691406,997666.6279320096
2442,,DAM/WEIR,1427760000000,4241.49133300781,160473.12474600525
2443,,SPILLWAY,1427760000000,1955.23400878906,202484.8365705324
2444,,RESERVOIR,1427760000000,3980.10424804688,539483.2754507643
2445,,LAKE/POND,1427760000000,-6125.00769042969,481426.7783465348
2446,,DAM/WEIR,1427760000000,5004.2236328125,571612.0559584836
2447,,SPILLWAY,1427760000000,-1154.89660644531,49169.09124545289
2448,,LAKE/POND,1427760000000,1543.56140136719,404335.6244083596
2449,,DAM/WEIR,1427760000000,-7058.32214355469,583019.3812610921
2450,,RESERVOIR,1427760000000,-11829.4305419922,585232.2469784808
2451,,SPILLWAY,1427760000000,1870.15954589844,657367.571038235
2452,,RESERVOIR,1427760000000,6865.7763671875,720243.2871837345
2453,,DAM/WEIR,1427760000000,11901.4464111328,641582.4070733192
2454,,TUNNEL/CULVERT,1427760000000,-1557.69873046875,790263.3408307406
2455,,DAM/WEIR,1427760000000,754.9072265625,624797.5338604884
2456,,RESERVOIR,1427760000000,-5681.31652832031,537553.3742632882
2457,,RESERVOIR,1427760000000,-1873.58984375,606235.2030484932
2458,,DAM/WEIR,1427760000000,25068.8266601563,101283.14622329026
2459,,LAKE/POND,1427760000000,-82358.8103027344,273228.9519149067
2460,,DAM/WEIR,1427760000000,18961.4049072266,527446.5132802847
2461,,LAKE/POND,1427760000000,-861199.306274414,872999.0436929516
2462,,TUNNEL/CULVERT,1427760000000,-2988.35961914063,679082.972080808
2463,,DAM/WEIR,1427760000000,17705.2576904297,90498.94725597191
2464,,RESERVOIR,1427760000000,-1980.62658691406,592315.1306744094
2465,,ROCK/ISLAND,1427760000000,5516.48303222656,221815.5921003476
2466,,RESERVOIR,1427760000000,16388.7965087891,734042.4241161842
2467,,DAM/WEIR,1427760000000,-10943.1234130859,827457.2809826438
2468,,RESERVOIR,1427760000000,9384.20532226563,593496.3335064418
2469,,DAM/WEIR,1427760000000,-16922.1989746094,591402.8821281248
2470,,SPILLWAY,1427760000000,-2330.92797851563,338657.2454750497
2471,,DAM/WEIR,1427760000000,-3115.82824707031,446304.94990917214
2472,,RESERVOIR,1427760000000,4390.50793457031,864121.0788716101
2473,,DAM/WEIR,1427760000000,2575.26098632813,723347.2756137288
2474,,SPILLWAY,1427760000000,676.538452148438,519801.1645762138
2475,,TUNNEL/CULVERT,1427760000000,2236.98718261719,368295.1947773599
2476,,RESERVOIR,1427760000000,-4768.65258789063,50474.64993498721
2477,,ROCK/ISLAND,1427760000000,538.370361328125,143092.95757885114
2478,,ROCK/ISLAND,1427760000000,56.4088134765625,193105.69399522716
2479,,RESERVOIR,1427760000000,8056.85241699219,373445.8315208056
2480,,RESERVOIR,1427760000000,3713.01501464844,944148.2885679199
2481,,RESERVOIR,1427760000000,1666.00720214844,505202.37436586793
2482,,DAM/WEIR,1427760000000,-5342.88659667969,234916.44440274188
2483,,SPILLWAY,1427760000000,363.983764648438,105839.45669763046
2484,,CANAL/DITCH,1427760000000,215.298706054688,338371.3557449791
2485,,RESERVOIR,1427760000000,2832.49108886719,815748.2467568662
2486,,RESERVOIR,1427760000000,-5398.27795410156,383404.0757883735
2487,,LAKE/POND,1427760000000,38184.6787109375,772527.7829360053
2488,,DAM/WEIR,1427760000000,-1765.97509765625,802723.90292429
2489,,RESERVOIR,1427760000000,1834.55395507813,110909.57680096457
2490,,DAM/WEIR,1427760000000,15002.2719726563,608698.2779917684
2491,,LAKE/POND,1427760000000,-12301.0034179688,959099.1946687102
2492,,RESERVOIR,1427760000000,3301.17602539063,402197.45895798865
2493,,TUNNEL/CULVERT,1427760000000,-2708.2294921875,51038.94365003297
2494,,DAM/WEIR,1427760000000,12638.9729003906,923309.4366861625
2495,,DAM/WEIR,1427760000000,12981.7976074219,883677.0312780441
2496,,RESERVOIR,1427760000000,-33089.3234863281,522188.7109228337
2497,,DAM/WEIR,1427760000000,7875.49633789063,552297.3427788549
2498,,STREAM/RIVER,1427760000000,-3632.64428710938,211819.7169247445
2499,,LAKE/POND,1427760000000,112485.305053711,819467.9910183273
2500,,DAM/WEIR,1427760000000,9610.96081542969,498649.6797882488
2501,,LAKE/POND,1427760000000,-12740.060546875,33974.37348524711
2502,,SPILLWAY,1427760000000,611.04931640625,683045.9719383965
2503,,LAKE/POND,1427760000000,15736.0374755859,950500.269679456
2504,,DAM/WEIR,1427760000000,4546.66003417969,829166.7461462254
2505,,DAM/WEIR,1427760000000,16977.3892822266,277270.1431983785
2506,,DAM/WEIR,1427760000000,11421.2001953125,53419.69909976238
2507,,LAKE/POND,1427760000000,36445.2623291016,940356.4370455142
2508,,DAM/WEIR,1427760000000,-5983.8251953125,937068.0815444886
2509,,LAKE/POND,1427760000000,-772934.637695313,532461.5457655784
2510,,LAKE/POND,1427760000000,915000.210693359,642352.5376129563
2511,,DAM/WEIR,1427760000000,-3285.7666015625,462653.3381046765
2512,,LAKE/POND,1427760000000,26122.6242675781,419822.9707966817
2513,,DAM/WEIR,1427760000000,-10909.2409667969,119536.37163667155
2514,,ROCK/ISLAND,1427760000000,2877.17163085938,96843.12631836155
2515,,LAKE/POND,1427760000000,1836.93969726563,232808.64072937318
2516,,RESERVOIR,1427760000000,2468.63464355469,836656.2456911572
2517,,DAM/WEIR,1427760000000,-5621.71862792969,145917.57167330568
2518,,ROCK/ISLAND,1427760000000,12976.6525878906,226775.75535086734
2519,,ROCK/ISLAND,1427760000000,8895.47766113281,548658.649302216
2520,,RESERVOIR,1427760000000,5906.39721679688,215209.48982524849
2521,,RESERVOIR,1427760000000,2197.00939941406,163290.2008426306
2522,,RESERVOIR,1427760000000,11591.4619140625,563359.3467575507
2523,,RESERVOIR,1427760000000,-10982.0645751953,368156.09357624484
2524,,RESERVOIR,1427760000000,4283.00073242188,626196.0437525993
2525,,RESERVOIR,1427760000000,-2885.28015136719,912213.207669295
2526,,RESERVOIR,1427760000000,-1389.72619628906,151077.8811287927
2527,,RESERVOIR,1427760000000,1978.07287597656,913441.4030134227
2528,,RESERVOIR,1427760000000,27286.9710693359,902498.8159362089
2529,,TUNNEL/CULVERT,1427760000000,1503.17395019531,829103.8454899859
2530,,TUNNEL/CULVERT,1427760000000,3259.59533691406,631322.1574284373
2531,,ROCK/ISLAND,1427760000000,179.448608398438,620184.0226531434
2532,,TUNNEL/CULVERT,1427760000000,-611.607055664063,639248.099457848
2533,,LAKE/POND,1427760000000,599669.848754883,690525.8111671401
2534,,TUNNEL/CULVERT,1427760000000,4143.56921386719,16580.535893896802
2535,,DAM/WEIR,1427760000000,62317.7937011719,958095.8118101545
2536,,LAKE/POND,1427760000000,3836.7880859375,585644.6154856718
2537,,STREAM/RIVER,1427760000000,2160.17407226563,781486.911352642
2538,,LAKE/POND,1427760000000,23948.1450195313,377343.73359561793
2539,,DAM/WEIR,1427760000000,1465.18432617188,12495.96179719046
2540,,TUNNEL/CULVERT,1427760000000,10437.2716064453,509783.17667579645
2541,,DAM/WEIR,1427760000000,11806.2274169922,507238.89311387803
2542,,LAKE/POND,1427760000000,-2774.27001953125,437045.15239333233
2543,,STREAM/RIVER,1427760000000,19178.1785888672,339782.7427396064
2544,,SPILLWAY,1427760000000,-2116.72863769531,249900.85537485327
2545,,ROCK/ISLAND,1427760000000,438.650024414063,527591.5924648585
2546,,DAM/WEIR,1427760000000,31637.6232910156,375340.23660138506
2547,,DAM/WEIR,1427760000000,19300.1198730469,969933.9199296207
2548,,ROCK/ISLAND,1427760000000,-2856.74426269531,173009.842108847
2549,,DAM/WEIR,1427760000000,3711.66870117188,319733.28140475665
2550,,LAKE/POND,1427760000000,15087.5589599609,294030.78091700765
2551,,STREAM/RIVER,1427760000000,-9451.04272460938,543354.3020091571
2552,,STREAM/RIVER,1427760000000,20805.3239746094,499329.82966819353
2553,,LAKE/POND,1394409600000,-9191.67907714844,643775.4476372652
2554,,ROCK/ISLAND,1394409600000,571.812866210938,950005.8203953799
2555,,ROCK/ISLAND,1394409600000,-2094.00122070313,285292.2781642325
2556,,ROCK/ISLAND,1394409600000,361.033569335938,692801.5993265017
2557,,ROCK/ISLAND,1394409600000,5965.01354980469,25137.67394468009
2558,,ROCK/ISLAND,1394409600000,53504.1848144531,262461.97149787843
2559,,LAKE/POND,1427760000000,-68245.298828125,463772.8923040651
2560,,DAM/WEIR,1427760000000,10612.0717773438,31091.658007497866
2561,,LAKE/POND,1427760000000,2597.20703125,617707.075938123
2562,,LAKE/POND,1427760000000,-23728.0391845703,678342.0990302596
2563,,DAM/WEIR,1427760000000,-4848.06091308594,746756.2949348481
2564,,LAKE/POND,1427760000000,-18986.3193359375,516622.3308180231
2565,,LAKE/POND,1427760000000,1355382.73327637,603983.6665674638
2566,,STREAM/RIVER,1427760000000,-27609.4133300781,396125.2486881081
2567,,TUNNEL/CULVERT,1427760000000,3868.22412109375,41348.865950279374
2568,,DAM/WEIR,1427760000000,136250.453857422,100041.76063707982
2569,,DAM/WEIR,1427760000000,28390.998046875,655029.7696131198
2570,,LAKE/POND,1427760000000,35758.8079833984,995554.7485005182
2571,,SPILLWAY,1394409600000,1087.0625,15901.643036140686
2572,,SPILLWAY,1394409600000,-6104.86193847656,557627.1808932032
2573,,SPILLWAY,1394409600000,1218.9921875,751032.9009985167
2574,,SPILLWAY,1394409600000,-8862.12182617188,826791.3237562493
2575,,STREAM/RIVER,1394409600000,-164707.427856445,545249.8355276166
2576,,LAKE/POND,1427760000000,173281.343017578,619953.3686701065
2577,,LAKE/POND,1427760000000,-68574.037109375,696754.5760550807
2578,,LAKE/POND,1427760000000,-4844.73901367188,858979.4941022116
2579,,DAM/WEIR,1427760000000,19187.7115478516,122377.18595956117
2580,,SPILLWAY,1427760000000,-3539.95336914063,926188.6518730397
2581,,LAKE/POND,1427760000000,-129255.145751953,26114.7757938113
2582,,DAM/WEIR,1427760000000,10202.0552978516,836215.2947829285
2583,,TUNNEL/CULVERT,1427760000000,7456.36022949219,76832.67577661473
2584,,TUNNEL/CULVERT,1427760000000,2226.14685058594,194708.55415555017
2585,,LAKE/POND,1427760000000,-38574.9940185547,3993.753072348118
2586,,DAM/WEIR,1427760000000,4502.9697265625,445311.7346087815
2587,,LAKE/POND,1394409600000,40406.6036376953,334425.45643549383
2588,,LAKE/POND,1394409600000,-38543.5615234375,166076.14620296712
2589,,LAKE/POND,1394409600000,-3799.8564453125,451144.6006976651
2590,,LAKE/POND,1394409600000,-34466.9693603516,402430.24371298344
2591,,LAKE/POND,1394409600000,6932.24328613281,767683.4989344389
2592,,STREAM/RIVER,1394409600000,-10382.3791503906,893140.0999091193
2593,,LAKE/POND,1427760000000,117608.448486328,652601.3424746534
2594,,DAM/WEIR,1427760000000,19743.8608398438,124497.8232772625
2595,,DAM/WEIR,1427760000000,-6738.25720214844,295460.96023958497
2596,,LAKE/POND,1427760000000,17022.2762451172,913326.0516842997
2597,,LAKE/POND,1427760000000,-8240.26635742188,88825.53082409536
2598,,DAM/WEIR,1427760000000,-1783.5625,406914.74695104803
2599,,LAKE/POND,1427760000000,145902.044799805,942509.4262669387
2600,,LAKE/POND,1427760000000,126463.607177734,950668.8243204973
2601,,DAM/WEIR,1427760000000,15109.7790527344,411261.6455280105
2602,,DAM/WEIR,1427760000000,22620.0343017578,667429.4810130994
2603,,LAKE/POND,1427760000000,-6366.67126464844,456799.4670485652
2604,,LAKE/POND,1394409600000,11760.7657470703,753484.4399218586
2605,,SPILLWAY,1427760000000,-934.18212890625,31678.140978598516
2606,,DAM/WEIR,1427760000000,5732.18884277344,144242.58904931738
2607,,DAM/WEIR,1427760000000,18620.7065429688,614236.7694644413
2608,,LAKE/POND,1427760000000,-171603.068725586,232628.77466455684
2609,,LAKE/POND,1427760000000,142818.542480469,666085.0279869224
2610,,TUNNEL/CULVERT,1427760000000,1834.39489746094,351287.45394562476
2611,,DAM/WEIR,1427760000000,5190.40954589844,886656.0069264505
2612,,DAM/WEIR,1427760000000,-33109.1329345703,819276.6403620449
2613,,LAKE/POND,1427760000000,-16073.1156005859,492888.02345097525
2614,,LAKE/POND,1394409600000,-154268.888427734,772917.0246910612
2615,,LAKE/POND,1394409600000,-2251.02038574219,271210.5013085806
2616,,LAKE/POND,1427760000000,4055.59448242188,494309.85657440464
2617,,DAM/WEIR,1427760000000,-9633.79479980469,197562.10617603996
2618,,LAKE/POND,1427760000000,7244.32641601563,860899.2190179733
2619,,STREAM/RIVER,1427760000000,9578.42321777344,823084.4867391415
2620,,LAKE/POND,1427760000000,-2637.04418945313,902158.551292492
2621,,DAM/WEIR,1427760000000,1026.61242675781,877488.3560491558
2622,,LAKE/POND,1427760000000,4873.61901855469,959599.3428370268
2623,,RESERVOIR,1427760000000,-8677.9375,228413.16967253113
2624,,DAM/WEIR,1427760000000,18517.0268554688,931830.1765419452
2625,,DAM/WEIR,1427760000000,-13067.7872314453,571255.4988196711
2626,,TUNNEL/CULVERT,1427760000000,1079.91857910156,422552.4119146764
2627,,DAM/WEIR,1427760000000,3253.61364746094,560417.2982043802
2628,,LAKE/POND,1427760000000,11606.8984375,342667.75381225615
2629,,STREAM/RIVER,1427760000000,5899.74108886719,288623.863107249
2630,,LAKE/POND,1427760000000,23010.0504150391,241389.96522939304
2631,,LAKE/POND,1394409600000,162957.352783203,82519.66423019164
2632,,LAKE/POND,1394409600000,-12050.8972167969,496614.74409257557
2633,,LAKE/POND,1394409600000,-98586.166015625,887772.0117846404
2634,,LAKE/POND,1394409600000,2095.99426269531,630188.3239254879
2635,,LAKE/POND,1394409600000,212443.861572266,521023.0142168652
2636,,LAKE/POND,1394409600000,61369.8771972656,428649.63036617317
2637,,LAKE/POND,1394409600000,3087.46801757813,464454.7217529339
2638,,LAKE/POND,1394409600000,-98110.7740478516,209356.21055984616
2639,,RESERVOIR,1427760000000,-7401.68566894531,822952.7606695007
2640,,SPILLWAY,1427760000000,1720.03088378906,198462.9266022366
2641,,DAM/WEIR,1427760000000,-5736.46313476563,716650.3778288836
2642,,LAKE/POND,1427760000000,26547.4739990234,760008.2530099915
2643,,DAM/WEIR,1427760000000,5080.96667480469,574910.9802544895
2644,,RESERVOIR,1427760000000,7172.81958007813,862939.2193909581
2645,,TUNNEL/CULVERT,1427760000000,2910.3095703125,291120.9563650525
2646,,DAM/WEIR,1427760000000,10991.19921875,881628.1779035177
2647,,DAM/WEIR,1427760000000,9123.13171386719,729436.7891428847
2648,,SPILLWAY,1427760000000,-1414.98937988281,798769.1540291568
2649,,DAM/WEIR,1427760000000,4957.68957519531,664612.5869766519
2650,,LAKE/POND,1427760000000,12053.1955566406,846357.5363452533
2651,,DAM/WEIR,1427760000000,-16311.4266357422,993098.5597325014
2652,,RESERVOIR,1427760000000,6953.00988769531,420220.41807633167
2653,,DAM/WEIR,1427760000000,9283.45532226563,813933.4782255157
2654,,DAM/WEIR,1427760000000,-11218.1361083984,744604.5569623222
2655,,TUNNEL/CULVERT,1427760000000,4006.64086914063,452924.42582528107
2656,,RESERVOIR,1427760000000,2956.75085449219,926955.377883539
2657,,LAKE/POND,1394409600000,9253.33630371094,394486.0925537079
2658,,LAKE/POND,1394409600000,105384.938110352,565508.8042186936
2659,,LAKE/POND,1394409600000,158909.091918945,106031.65681290546
2660,,LAKE/POND,1394409600000,35131.7856445313,225852.39077166552
2661,,LAKE/POND,1394409600000,29202.7635498047,840711.2602205367
2662,,LAKE/POND,1394409600000,-72393.1309814453,396612.6710038416
2663,,LAKE/POND,1394409600000,-279176.138061523,394144.28692222724
2664,,LAKE/POND,1394409600000,17527.0422363281,246056.17410778298
2665,,LAKE/POND,1394409600000,7809.48815917969,491660.68165369035
2666,,LAKE/POND,1394409600000,-1930.53015136719,805835.573837526
2667,,LAKE/POND,1394409600000,-8000.99682617188,895173.7061978445
2668,,LAKE/POND,1394409600000,11317.7076416016,70207.35048654742
2669,,LAKE/POND,1394409600000,20603.1826171875,574862.6743462603
2670,,LAKE/POND,1394409600000,6197.13513183594,467326.1732821774
2671,,STREAM/RIVER,1394409600000,101480.250732422,614319.8080046807
2672,,DAM/WEIR,1427760000000,85576.3664550781,447330.5120638914
2673,,LAKE/POND,1427760000000,8151.65466308594,398704.55772650894
2674,,LAKE/POND,1427760000000,-35516.3315429688,471933.052477534
2675,,DAM/WEIR,1427760000000,10170.5919189453,582040.3468444097
2676,,LAKE/POND,1427760000000,-695021.212280273,501032.61172746256
2677,,DAM/WEIR,1427760000000,38251.9799804688,472196.76443109306
2678,,SPILLWAY,1427760000000,-5219.7236328125,817852.7085917749
2679,,DAM/WEIR,1427760000000,4370.5185546875,745672.6807907427
2680,,LAKE/POND,1427760000000,46235.3854980469,341444.0149532805
2681,,LAKE/POND,1427760000000,-47338.0529785156,800596.2592264514
2682,,RESERVOIR,1427760000000,5168.82470703125,853664.4502869307
2683,,DAM/WEIR,1427760000000,-10987.7005615234,153576.70266144772
2684,,DAM/WEIR,1427760000000,1093.80249023438,582723.610802124
2685,,DAM/WEIR,1427760000000,18154.1688232422,285383.17708786024
2686,,LAKE/POND,1427760000000,-3047.0595703125,739197.665522208
2687,,LAKE/POND,1394409600000,33336.2883300781,238861.212040418
2688,,LAKE/POND,1394409600000,57757.7867431641,671435.7124170903
2689,,LAKE/POND,1394409600000,-14195.5677490234,255198.88846737207
2690,,LAKE/POND,1394409600000,2428.85095214844,511192.1379098367
2691,,LAKE/POND,1394409600000,24493.6807861328,948650.6546229325
2692,,LAKE/POND,1394409600000,31857.9118652344,381369.0263950504
2693,,LAKE/POND,1394409600000,-1915.38391113281,875750.0363761254
2694,,LAKE/POND,1394409600000,56217.5876464844,986944.899801193
2695,,LAKE/POND,1394409600000,-4740.30517578125,874862.488869434
2696,,LAKE/POND,1394409600000,3095.453125,165949.2772543408
2697,,LAKE/POND,1394409600000,18734.1909179688,819675.43405499
2698,,LAKE/POND,1394409600000,17545.1303710938,32246.148011656096
2699,,LAKE/POND,1394409600000,-6675.15539550781,393362.16020905424
2700,,LAKE/POND,1394409600000,-12325.1437988281,870745.4292471587
2701,,LAKE/POND,1394409600000,13650.4885253906,688782.6487864311
2702,,LAKE/POND,1394409600000,-25978.4663085938,532786.6205547169
2703,,LAKE/POND,1394409600000,2177.57019042969,387924.85081608716
2704,,LAKE/POND,1394409600000,34072.0257568359,812314.9044786926
2705,,LAKE/POND,1394409600000,19036.9008789063,709586.7385494221
2706,,STREAM/RIVER,1394409600000,-33467.7145996094,468458.01067839214
2707,,STREAM/RIVER,1394409600000,-219009.517089844,892494.1962916016
2708,,DAM/WEIR,1427760000000,9197.75415039063,230024.79306883272
2709,,STREAM/RIVER,1427760000000,77730.8100585938,170474.29961619986
2710,,RESERVOIR,1427760000000,-2642.21643066406,642838.8411533838
2711,,TUNNEL/CULVERT,1427760000000,-1346.97448730469,971996.1712731575
2712,,LAKE/POND,1427760000000,-34021.7454833984,247331.60039286633
2713,,DAM/WEIR,1427760000000,7818.36108398438,249745.16222555417
2714,,LAKE/POND,1394409600000,-111715.467773438,139584.75857854573
2715,,LAKE/POND,1394409600000,-22093.794921875,860576.6383545495
2716,,LAKE/POND,1394409600000,8772.75769042969,226474.67425975253
2717,,LAKE/POND,1394409600000,-21083.8908691406,503227.7056936886
2718,,LAKE/POND,1394409600000,-6757.98327636719,990872.3998819264
2719,,LAKE/POND,1394409600000,22347.0329589844,12239.674691050437
2720,,LAKE/POND,1394409600000,20521.1440429688,556529.8854156525
2721,,LAKE/POND,1394409600000,-38435.3940429688,512337.30151163257
2722,,LAKE/POND,1394409600000,15517.0179443359,807465.8242251374
2723,,STREAM/RIVER,1427760000000,-38807.732421875,355345.65611728217
2724,,LAKE/POND,1427760000000,-79680.1478271484,410399.9144217927
2725,,DAM/WEIR,1427760000000,9573.80493164063,168021.01886282317
2726,,LAKE/POND,1427760000000,2081.46801757813,740840.4092973914
2727,,ROCK/ISLAND,1427760000000,497.188598632813,784729.6535883202
2728,,DAM/WEIR,1427760000000,4031.84753417969,136749.5177834316
2729,,LAKE/POND,1427760000000,-4391.28979492188,393517.3348238489
2730,,LAKE/POND,1427760000000,35868.2933349609,892914.8119581513
2731,,STREAM/RIVER,1427760000000,155948.067504883,2807.000241145904
2732,,LAKE/POND,1394409600000,-117761.673583984,298828.8959564994
2733,,STREAM/RIVER,1394409600000,12857.0396728516,555086.2257817574
2734,,DAM/WEIR,1427760000000,-6268.76489257813,334160.11618012766
2735,,LAKE/POND,1427760000000,8309.54699707031,272117.7126135625
2736,,TUNNEL/CULVERT,1427760000000,3036.52978515625,460091.0211172374
2737,,LAKE/POND,1427760000000,-1878.68737792969,181604.77427577466
2738,,RESERVOIR,1427760000000,69163.6701660156,529671.7488101469
2739,,DAM/WEIR,1427760000000,-1135.29223632813,706724.5450251732
2740,,LAKE/POND,1427760000000,8906.22497558594,575336.8478382867
2741,,LAKE/POND,1427760000000,-38541.4532470703,93199.9268161142
2742,,LAKE/POND,1427760000000,-6357.92211914063,844423.3288955425
2743,,DAM/WEIR,1427760000000,-7128.35437011719,175060.16472590194
2744,,SPILLWAY,1427760000000,284.037109375,764834.7545990669
2745,,LAKE/POND,1427760000000,-1882.60815429688,360628.69369966205
2746,,LAKE/POND,1394409600000,2766456.04284668,782782.2891599487
2747,,TUNNEL/CULVERT,1394409600000,-1261.134765625,206352.06984210183
2748,,TUNNEL/CULVERT,1394409600000,1202.26330566406,186743.25082295656
2749,,TUNNEL/CULVERT,1394409600000,-890.032348632813,497075.6466070143
2750,,STREAM/RIVER,1427760000000,-61553.2701416016,33032.68816087596
2751,,DAM/WEIR,1427760000000,11634.4937744141,225374.58375111636
2752,,LAKE/POND,1427760000000,122293.025146484,724039.1269468777
2753,,RESERVOIR,1427760000000,1199.00537109375,837398.9025741166
2754,,RESERVOIR,1427760000000,2415.90686035156,80877.20461605272
2755,,DAM/WEIR,1427760000000,1860.63427734375,882088.6195894511
2756,,SPILLWAY,1427760000000,1254.30554199219,797536.6548155696
2757,,DAM/WEIR,1427760000000,682.137329101563,869696.457593099
2758,,RESERVOIR,1427760000000,3407.42065429688,698458.0132948274
2759,,LAKE/POND,1427760000000,1949.38256835938,674184.977834168
2760,,SPILLWAY,1427760000000,826.851684570313,525140.198928296
2761,,DAM/WEIR,1427760000000,5305.90014648438,652821.2929816414
2762,,RESERVOIR,1427760000000,7871.98474121094,919116.8344904839
2763,,RESERVOIR,1394409600000,2266.056640625,100611.84869456533
2764,,RESERVOIR,1394409600000,7593.06994628906,315832.5856338287
2765,,RESERVOIR,1394409600000,4157.79809570313,72547.65564353864
2766,,RESERVOIR,1394409600000,17982.1730957031,944809.7466216721
2767,,RESERVOIR,1394409600000,7767.53845214844,445320.49418732204
2768,,DAM/WEIR,1394409600000,6107.29699707031,675376.2608846502
2769,,DAM/WEIR,1394409600000,281.94873046875,841135.1113778065
2770,,LAKE/POND,1427760000000,82442.3892822266,991000.1570514329
2771,,STREAM/RIVER,1427760000000,-8776.07641601563,161866.11776402872
2772,,ROCK/ISLAND,1427760000000,8885.67578125,799531.8549450511
2773,,DAM/WEIR,1427760000000,-7988.67822265625,887433.2684240246
2774,,LAKE/POND,1427760000000,-154488.863769531,48970.44043781368
2775,,LAKE/POND,1427760000000,23325.5059814453,754114.3970389947
2776,,DAM/WEIR,1427760000000,25508.5773925781,354789.49393910944
2777,,STREAM/RIVER,1427760000000,2306.11633300781,648631.2831944935
2778,,RESERVOIR,1427760000000,-51864.8969726563,514096.2771710648
2779,,LAKE/POND,1427760000000,19399.8604736328,259816.01811917618
2780,,LAKE/POND,1427760000000,3944.08032226563,135307.70464642363
2781,,RESERVOIR,1394409600000,18004.3699951172,117035.42141866629
2782,,RESERVOIR,1394409600000,3447.14904785156,103412.42209986314
2783,,DAM/WEIR,1394409600000,-2848.94396972656,637825.6233405242
2784,,LAKE/POND,1427760000000,-21078.0844726563,351475.35890354676
2785,,RESERVOIR,1427760000000,-10898.8828125,216711.55822861363
2786,,TUNNEL/CULVERT,1427760000000,-4177.68188476563,691915.2123115398
2787,,LAKE/POND,1427760000000,-4552.216796875,686880.1939603244
2788,,SPILLWAY,1427760000000,-553.689453125,539213.8363594697
2789,,STREAM/RIVER,1427760000000,-22451.5849609375,934963.3861263475
2790,,DAM/WEIR,1427760000000,-695.53955078125,385475.3046040457
2791,,DAM/WEIR,1427760000000,-3417.25744628906,835878.5491091948
2792,,STREAM/RIVER,1427760000000,12407.3879394531,75231.81885199517
2793,,ROCK/ISLAND,1394409600000,-1549.55603027344,739856.3710980066
2794,,ROCK/ISLAND,1394409600000,2737.5546875,988447.580643133
2795,,ROCK/ISLAND,1394409600000,-22366.1589355469,846612.7098679717
2796,,ROCK/ISLAND,1394409600000,-2307.84509277344,579706.1731734091
2797,,ROCK/ISLAND,1394409600000,-1092.67651367188,626802.7609546636
2798,,ROCK/ISLAND,1394409600000,229.811279296875,353353.86719245365
2799,,ROCK/ISLAND,1394409600000,-837.375122070313,679516.5902510599
2800,,ROCK/ISLAND,1394409600000,185.871459960938,770417.5732476257
2801,,ROCK/ISLAND,1394409600000,-636.455444335938,998227.660041261
2802,,DAM/WEIR,1394409600000,192.254028320313,492513.178245816
2803,,RESERVOIR,1427760000000,-6034.42858886719,61397.87406279916
2804,,DAM/WEIR,1427760000000,10276.8520507813,595897.7690779614
2805,,LAKE/POND,1427760000000,8552.38171386719,119112.12854302039
2806,,DAM/WEIR,1427760000000,-12808.6595458984,244840.3222867109
2807,,LAKE/POND,1427760000000,-33215.8388671875,328846.70453469537
2808,,SPILLWAY,1427760000000,1513.70825195313,731056.0391312226
2809,,DAM/WEIR,1427760000000,-24220.4339599609,183889.55925798882
2810,,RESERVOIR,1427760000000,-3172.10729980469,165836.20579472146
2811,,LAKE/POND,1427760000000,233087.537109375,45059.70111033509
2812,,RESERVOIR,1427760000000,-5643.01306152344,873251.7391203091
2813,,DAM/WEIR,1427760000000,4567.94909667969,693535.3803082007
2814,,LAKE/POND,1427760000000,10317.6134033203,40042.431024599115
2815,,DAM/WEIR,1427760000000,7123.55346679688,28389.44811524513
2816,,STREAM/RIVER,1427760000000,-90473.7106933594,558717.8703711121
2817,,RESERVOIR,1427760000000,4758.30444335938,282605.86531218106
2818,,LAKE/POND,1394409600000,36313.1368408203,596766.0810705351
2819,,STREAM/RIVER,1394409600000,-3102.36291503906,434660.2806592215
2820,,STREAM/RIVER,1394409600000,80.228515625,923319.3077414613
2821,,ROCK/ISLAND,1394409600000,1033.87182617188,287879.9462508568
2822,,RESERVOIR,1427760000000,4864.76794433594,679176.7747566812
2823,,LAKE/POND,1427760000000,-33626.4089355469,54148.852133125714
2824,,LAKE/POND,1394409600000,-18864.9404296875,955863.9922749723
2825,,LAKE/POND,1394409600000,53398.8996582031,980758.4114040934
2826,,LAKE/POND,1394409600000,255691.185302734,739099.9824788817
2827,,LAKE/POND,1394409600000,-12899.7227783203,465265.48510394525
2828,,LAKE/POND,1394409600000,-304775.356323242,220071.2199898893
2829,,LAKE/POND,1394409600000,1997455.86767578,812534.2760975996
2830,,RESERVOIR,1394409600000,-3671.69775390625,736379.7253832105
2831,,RESERVOIR,1394409600000,-101487.599121094,222031.6222029534
2832,,RESERVOIR,1394409600000,5946.88525390625,451269.7214125558
2833,,LAKE/POND,1519689600000,-6582.74780273438,462852.19512406556
2834,,LAKE/POND,1519689600000,-805.832885742188,826427.0825071619
2835,,LAKE/POND,1519689600000,-35040.9060058594,683875.6160209588
2836,,LAKE/POND,1519689600000,700.905639648438,643202.5836181575
2837,,LAKE/POND,1519689600000,-91647.9378662109,649861.7899935995
2838,,LAKE/POND,1519689600000,36283.1092529297,270542.7619044613
2839,,LAKE/POND,1519689600000,2724.42687988281,371773.7169922912
2840,,LAKE/POND,1519689600000,17782.67578125,45757.673545877034
2841,,LAKE/POND,1519689600000,6658.57983398438,786961.6547574068
2842,,LAKE/POND,1519689600000,8090.53125,433054.4823500817
2843,,LAKE/POND,1519689600000,-1630.724609375,438294.0950135077
2844,,LAKE/POND,1519689600000,9244.888671875,245431.48395086842
2845,,LAKE/POND,1519689600000,24522.4682617188,209506.12930400152
2846,,LAKE/POND,1519689600000,1603.95300292969,587862.5595541428
2847,,LAKE/POND,1519689600000,3720.89050292969,232629.5273491402
2848,,LAKE/POND,1519689600000,-45959.8642578125,64302.3664714563
2849,,LAKE/POND,1519689600000,595.526977539063,767529.8977318843
2850,,LAKE/POND,1519689600000,-3400.759765625,376531.4109934909
2851,,LAKE/POND,1519689600000,1358.11315917969,380297.1801053306
2852,,LAKE/POND,1519689600000,-15108.8060302734,431374.7183693582
2853,,LAKE/POND,1519689600000,28946.2857666016,815062.5038809296
2854,,LAKE/POND,1519689600000,28675.0458984375,320904.4914133272
2855,,LAKE/POND,1519689600000,66809.0311279297,758059.649600499
2856,,LAKE/POND,1519689600000,-13038.5688476563,939549.9467506246
2857,,LAKE/POND,1519689600000,275903.583984375,660901.448237011
2858,,LAKE/POND,1519689600000,-12497.447265625,431737.48138782574
2859,,LAKE/POND,1519689600000,-19314.76953125,747814.1963846269
2860,,LAKE/POND,1519689600000,22521.6384277344,457951.1221170406
2861,,LAKE/POND,1519689600000,45716.3450927734,414485.4139537589
2862,,LAKE/POND,1519689600000,2217.30017089844,525330.1099731624
2863,,LAKE/POND,1519689600000,-153.475463867188,317790.24485347804
2864,,LAKE/POND,1519689600000,348.781005859375,104339.68700815692
2865,,LAKE/POND,1519689600000,88281.6092529297,414910.105473607
2866,,RESERVOIR,1519689600000,-6136.92260742188,123944.37158430787
2867,,LAKE/POND,1519689600000,26827.208984375,410500.0189666176
2868,,LAKE/POND,1519689600000,46210.4666748047,556977.4709076077
2869,,LAKE/POND,1519689600000,129279.126953125,930717.179376345
2870,,LAKE/POND,1519689600000,31219.7429199219,36318.672589868016
2871,,LAKE/POND,1519689600000,58086.6917724609,621495.6392028874
2872,,LAKE/POND,1519689600000,-87326.0841064453,457788.9553962256
2873,,LAKE/POND,1519689600000,-78552.0887451172,20359.08183019055
2874,,LAKE/POND,1519689600000,4577.07934570313,249622.97157295054
2875,,LAKE/POND,1519689600000,5700.43469238281,118573.28534431373
2876,,LAKE/POND,1519689600000,1650.72937011719,216872.24952272585
2877,,LAKE/POND,1519689600000,40604.8979492188,274642.51186632866
2878,,LAKE/POND,1519689600000,10694.3903808594,401365.8034423227
2879,,RESERVOIR,1519689600000,-652.27099609375,529085.9605101479
2880,,RESERVOIR,1519689600000,2227.90551757813,1089.8939369995364
2881,,RESERVOIR,1519689600000,923.207275390625,161953.0118233173
2882,,LAKE/POND,1519689600000,643.179443359375,93656.93540385422
2883,,LAKE/POND,1519689600000,-2290.24475097656,549717.8822494182
2884,,LAKE/POND,1519689600000,-64706.6020507813,329141.6338393593
2885,,LAKE/POND,1519689600000,-10368.9033203125,548442.3478633786
2886,,LAKE/POND,1519689600000,15703.1752929688,221900.89802115818
2887,,LAKE/POND,1519689600000,63608.1651611328,24326.906922822018
2888,,LAKE/POND,1519689600000,-934.584228515625,941371.8232132185
2889,,LAKE/POND,1519689600000,342722.002197266,108397.18206875393
2890,,LAKE/POND,1519689600000,77268.9792480469,126945.93522817268
2891,,LAKE/POND,1519689600000,-66791.5819091797,146632.025280663
2892,,LAKE/POND,1519689600000,7148.81872558594,981277.4150643494
2893,,LAKE/POND,1519689600000,2679.06298828125,617697.8564857389
2894,,LAKE/POND,1519689600000,-67381.9714355469,610328.3124187285
2895,,LAKE/POND,1519689600000,13694.8072509766,986698.5450001762
2896,,LAKE/POND,1519689600000,17333.5628662109,88529.83695895803
2897,,LAKE/POND,1519689600000,-82732.3394775391,974502.4679521424
2898,,LAKE/POND,1519689600000,-848.00146484375,204092.54122623894
2899,,LAKE/POND,1519689600000,41455.6242675781,623108.5733401757
2900,,LAKE/POND,1519689600000,-139688.992431641,420141.1368626961
2901,,LAKE/POND,1519689600000,808.5576171875,384013.03434401704
2902,,LAKE/POND,1519689600000,872.124145507813,931249.2729032862
2903,,LAKE/POND,1519689600000,1714.63659667969,149312.65643968398
2904,,LAKE/POND,1519689600000,2095.83898925781,997068.3071061248
2905,,LAKE/POND,1519689600000,13021.9254150391,379186.7694603783
2906,,LAKE/POND,1519689600000,4387.63537597656,648809.3776232617
2907,,LAKE/POND,1519689600000,51185.3991699219,967908.9729034803
2908,,LAKE/POND,1519689600000,-9164.12805175781,57695.23267288651
2909,,LAKE/POND,1519689600000,-20449.712890625,922871.1536245352
2910,,LAKE/POND,1519689600000,245099.315429688,567854.0364044225
2911,,LAKE/POND,1519689600000,-5233.31030273438,704425.7348926755
2912,,LAKE/POND,1519689600000,28842.0003662109,149269.11628377583
2913,,LAKE/POND,1519689600000,-55029.0015869141,533433.5587005183
2914,,LAKE/POND,1519689600000,-2539.20141601563,673545.6898400565
2915,,LAKE/POND,1519689600000,-2127.33703613281,456301.2264096357
2916,,LAKE/POND,1519689600000,1.356689453125,155069.524603068
2917,,LAKE/POND,1519689600000,38223.6176757813,244194.41905899296
2918,,LAKE/POND,1519689600000,44424.7886962891,854406.4973216081
2919,,LAKE/POND,1519689600000,4789.94567871094,34567.511262486674
2920,,RESERVOIR,1519689600000,68874.2001953125,708890.4833708899
2921,,LAKE/POND,1519689600000,13628.7453613281,999389.0981208389
2922,,LAKE/POND,1519689600000,-23798.1270751953,7582.240324159831
2923,,LAKE/POND,1519689600000,280528.550292969,161129.4172059751
2924,,LAKE/POND,1519689600000,-11184.9234619141,674176.2123187443
2925,,LAKE/POND,1519689600000,313743.91809082,60084.775511055144
2926,,LAKE/POND,1519689600000,119829.299804688,589830.4150674895
2927,,LAKE/POND,1519689600000,-14214.3927001953,684031.0195505965
2928,,LAKE/POND,1519689600000,14500.5643310547,588186.9453329106
2929,,LAKE/POND,1519689600000,-16205.7854003906,365247.81936606206
2930,,LAKE/POND,1519689600000,-6736.29772949219,697311.8704747442
2931,,LAKE/POND,1519689600000,-74415.169921875,594334.4042765911
2932,,LAKE/POND,1519689600000,-10344.5057373047,207716.20073953827
2933,,LAKE/POND,1519689600000,-16580.6158447266,563178.6668952077
2934,,LAKE/POND,1519689600000,1114795.76879883,881918.1445099965
2935,,LAKE/POND,1486944000000,246877.206665039,666865.9355285952
2936,,LAKE/POND,1486944000000,13836.1301269531,471843.8564516003
2937,,LAKE/POND,1486944000000,29684.2490234375,321651.62287506135
2938,,LAKE/POND,1486944000000,-21397.115234375,85977.53493041966
2939,,LAKE/POND,1486944000000,-78020.8077392578,244702.42541862003
2940,,LAKE/POND,1486944000000,21610.3555908203,11285.623224815114
2941,,LAKE/POND,1486944000000,44059.2088623047,986626.2683072943
2942,,LAKE/POND,1486944000000,10660.6535644531,222559.78142127497
2943,,LAKE/POND,1486944000000,-3764.01965332031,814893.6402151615
2944,,LAKE/POND,1486944000000,17886.5997314453,168727.84867191632
2945,,LAKE/POND,1486944000000,13408.1568603516,283672.50588946376
2946,,SPILLWAY,1486944000000,7276.81652832031,418335.0732191247
2947,,DAM/WEIR,1486944000000,-20756.5948486328,324472.8991695268
2948,,DAM/WEIR,1486944000000,-11550.1807861328,798370.1793277723
2949,,DAM/WEIR,1486944000000,4926.79992675781,957696.6809812136
2950,,SPILLWAY,1486944000000,322.8310546875,875306.0789079998
2951,,TUNNEL/CULVERT,1486944000000,2731.0771484375,153662.35558319482
2952,,TUNNEL/CULVERT,1486944000000,-1375.75512695313,776710.230792979
2953,,TUNNEL/CULVERT,1486944000000,1399.86010742188,148031.97066646765
2954,,TUNNEL/CULVERT,1486944000000,1393.74792480469,913388.8550703386
2955,,TUNNEL/CULVERT,1486944000000,574.899169921875,517926.2699324359
2956,,TUNNEL/CULVERT,1486944000000,488.436157226563,336447.113566813
2957,,STREAM/RIVER,1486944000000,-4334.97351074219,157109.63775896205
2958,,STREAM/RIVER,1486944000000,-9110.21313476563,11907.895461098533
2959,,DAM/WEIR,1486944000000,2973.49743652344,248021.949014727
2960,,TUNNEL/CULVERT,1486944000000,2602.61059570313,914027.7472549205
2961,,TUNNEL/CULVERT,1486944000000,2276.4443359375,797281.668790808
2962,,TUNNEL/CULVERT,1486944000000,7910.01135253906,969795.7585862366
2963,,TUNNEL/CULVERT,1486944000000,-5289.59497070313,100851.34420773978
2964,,DAM/WEIR,1486944000000,-6341.48986816406,592218.9334525754
2965,,DAM/WEIR,1486944000000,5890.91357421875,257224.50183289952
2966,,DAM/WEIR,1486944000000,-2851.017578125,542986.8686601244
2967,,DAM/WEIR,1486944000000,8653.93334960938,320522.51962001325
2968,,DAM/WEIR,1486944000000,-7576.77600097656,283536.92022278294
2969,,DAM/WEIR,1486944000000,-6715.79956054688,573887.3436490931
2970,,DAM/WEIR,1486944000000,3284.20959472656,183399.6467351915
2971,,DAM/WEIR,1486944000000,-6411.24621582031,469186.05449498264
2972,,DAM/WEIR,1486944000000,25228.8616943359,650846.5330052653
2973,,DAM/WEIR,1486944000000,10004.7987060547,128269.1267934126
2974,,DAM/WEIR,1486944000000,32635.9617919922,930600.2808555455
2975,,DAM/WEIR,1486944000000,14203.8868408203,505773.6212594799
2976,,DAM/WEIR,1486944000000,12372.4554443359,819545.1995591819
2977,,DAM/WEIR,1486944000000,12954.9973144531,653939.3861725706
2978,,DAM/WEIR,1486944000000,-16952.4647216797,710029.231127482
2979,,STREAM/RIVER,1486944000000,-47797.6600341797,716158.6117677977
2980,,STREAM/RIVER,1486944000000,135095.918701172,875111.5119718694
2981,,STREAM/RIVER,1486944000000,56187.9425048828,613643.4608979843
2982,,LAKE/POND,1486944000000,76650.9283447266,278289.05178906576
2983,,LAKE/POND,1486944000000,103178.120605469,99599.59239152775
2984,,LAKE/POND,1486944000000,14129.2667236328,606289.388137577
2985,,LAKE/POND,1486944000000,-6241.71301269531,66446.10213740023
2986,,LAKE/POND,1486944000000,29946.8403320313,241369.08105090956
2987,,LAKE/POND,1486944000000,-262501.461914063,60801.05317626692
2988,,LAKE/POND,1486944000000,8515.42028808594,548932.1513600774
2989,,LAKE/POND,1486944000000,17162.9050292969,160421.9307922488
2990,,LAKE/POND,1486944000000,15997.958984375,610445.6682942105
2991,,LAKE/POND,1486944000000,-60301.9775390625,790885.2534850504
2992,,LAKE/POND,1486944000000,21890.1619873047,821897.7108190644
2993,,TUNNEL/CULVERT,1486944000000,3141.25732421875,309612.2442433055
2994,,TUNNEL/CULVERT,1486944000000,12436.3991699219,548999.0882866939
2995,,TUNNEL/CULVERT,1486944000000,4280.90478515625,563053.8959995903
2996,,TUNNEL/CULVERT,1486944000000,1598.16003417969,472939.420548769
2997,,TUNNEL/CULVERT,1486944000000,3400.94323730469,655147.7249217309
2998,,TUNNEL/CULVERT,1486944000000,-964.945068359375,210165.9050240274
2999,,TUNNEL/CULVERT,1486944000000,-1125.48278808594,979244.336019596
3000,,TUNNEL/CULVERT,1486944000000,-1912.75256347656,98169.92102839625
3001,,TUNNEL/CULVERT,1486944000000,-2843.51965332031,829237.3898678577
3002,,TUNNEL/CULVERT,1486944000000,10928.9123535156,594135.9832565058
3003,,SPILLWAY,1486944000000,-2211.06213378906,244930.01686424934
3004,,STREAM/RIVER,1486944000000,20414.7573242188,745699.6874852331
3005,,TUNNEL/CULVERT,1486944000000,-1682.24157714844,84572.36310660857
3006,,SPILLWAY,1486944000000,-232.752807617188,774439.6182475038
3007,,TUNNEL/CULVERT,1486944000000,18552.4260253906,590025.633735567
3008,,STREAM/RIVER,1486944000000,5499.53576660156,110839.13261424356
3009,,DAM/WEIR,1486944000000,17124.978515625,79597.5330304979
3010,,DAM/WEIR,1486944000000,25774.2080078125,750860.4989667854
3011,,DAM/WEIR,1486944000000,-24054.5656738281,293006.3199772803
3012,,DAM/WEIR,1486944000000,3609.59704589844,889312.031280286
3013,,DAM/WEIR,1486944000000,6021.96484375,762096.051655052
3014,,DAM/WEIR,1486944000000,-1289.39196777344,698219.7275029996
3015,,DAM/WEIR,1486944000000,13020.8405761719,278677.913422135
3016,,DAM/WEIR,1486944000000,18930.3121337891,708972.9156251968
3017,,DAM/WEIR,1486944000000,15673.9578857422,948151.921598698
3018,,DAM/WEIR,1486944000000,1134.85546875,91650.58682729749
3019,,DAM/WEIR,1486944000000,3627.06823730469,326229.6995767237
3020,,DAM/WEIR,1486944000000,-34780.8372802734,234748.5635627825
3021,,DAM/WEIR,1486944000000,3874.6298828125,393310.4161370922
3022,,DAM/WEIR,1486944000000,35919.5729980469,742357.6792558061
3023,,DAM/WEIR,1486944000000,-10893.7254638672,474294.6829246626
3024,,DAM/WEIR,1486944000000,-1025.27392578125,570772.9623290282
3025,,STREAM/RIVER,1486944000000,56020.8359375,314223.15843464644
3026,,STREAM/RIVER,1486944000000,21837.9691162109,141374.99687112475
3027,,STREAM/RIVER,1486944000000,5150.2236328125,267006.6886391858
3028,,STREAM/RIVER,1486944000000,8654.95642089844,859693.4735315616
3029,,STREAM/RIVER,1486944000000,10762.1989746094,602456.1180402329
3030,,LAKE/POND,1486944000000,22589.9208984375,378050.4963412408
3031,,LAKE/POND,1486944000000,-9012.64343261719,789926.2012314323
3032,,LAKE/POND,1486944000000,3391.23718261719,64550.92225423081
3033,,LAKE/POND,1486944000000,-12777.8529052734,253965.44492250553
3034,,LAKE/POND,1486944000000,-6871.16784667969,230179.9136387795
3035,,LAKE/POND,1486944000000,4954.05480957031,985365.0403474431
3036,,LAKE/POND,1486944000000,-13566.9499511719,706127.2664359385
3037,,LAKE/POND,1486944000000,4300.28015136719,617823.5400089789
3038,,LAKE/POND,1486944000000,16424.7521972656,5084.461812978157
3039,,LAKE/POND,1486944000000,-4638.90063476563,184391.3867796463
3040,,LAKE/POND,1486944000000,158045.099731445,635577.103302488
3041,,LAKE/POND,1486944000000,10907.3658447266,379780.97482969105
3042,,RESERVOIR,1486944000000,-2270.43701171875,924287.0313603092
3043,,RESERVOIR,1486944000000,-10298.5517578125,764746.9819956246
3044,,LAKE/POND,1486944000000,-4750.00659179688,447438.88701276673
3045,,RESERVOIR,1486944000000,-1036.26245117188,749539.2765255391
3046,,RESERVOIR,1486944000000,-2368.42260742188,975405.8079895151
3047,,CANAL/DITCH,1519689600000,-462.900512695313,461034.26563817577
3048,,CANAL/DITCH,1519689600000,-2782.54541015625,642560.9927738566
3049,,CANAL/DITCH,1519689600000,259.755493164063,918671.829935174
3050,,CANAL/DITCH,1519689600000,-1007.65368652344,248749.54589530762
3051,,DAM/WEIR,1486944000000,-4711.53161621094,886568.371316998
3052,,DAM/WEIR,1486944000000,4091.56225585938,97634.85475759859
3053,,DAM/WEIR,1486944000000,-826.222045898438,648482.6773224171
3054,,DAM/WEIR,1486944000000,8954.90844726563,782859.0884021238
3055,,LAKE/POND,1486944000000,-472729.043701172,614644.1440242816
3056,,LAKE/POND,1486944000000,1349.97009277344,495584.75513732363
3057,,LAKE/POND,1486944000000,8070.44641113281,617384.7478685935
3058,,LAKE/POND,1486944000000,61735.7078857422,151748.39074485784
3059,,LAKE/POND,1486944000000,17021.1630859375,215648.937688475
3060,,LAKE/POND,1486944000000,15610.6423339844,269972.08412260236
3061,,LAKE/POND,1486944000000,-21707.2054443359,597818.9649166345
3062,,LAKE/POND,1486944000000,-138298.04296875,441956.44173662225
3063,,STREAM/RIVER,1486944000000,22871.5211181641,244551.15042574846
3064,,STREAM/RIVER,1486944000000,-19185.9138183594,882820.1684020335
3065,,STREAM/RIVER,1486944000000,-2000.94970703125,373984.0741873538
3066,,STREAM/RIVER,1486944000000,17816.1588134766,446086.67002624896
3067,,STREAM/RIVER,1486944000000,-15386.1064453125,409759.69674026314
3068,,STREAM/RIVER,1486944000000,-20430.4375,182024.57903826967
3069,,STREAM/RIVER,1486944000000,3158.42321777344,731653.1211016749
3070,,STREAM/RIVER,1486944000000,-13640.1187744141,448512.96798436885
3071,,STREAM/RIVER,1486944000000,12079.7312011719,16355.467924619283
3072,,RESERVOIR,1486944000000,2900.677734375,964016.3369758587
3073,,RESERVOIR,1486944000000,2814.82458496094,815781.2194706425
3074,,RESERVOIR,1486944000000,14318.1407470703,723586.27459704
3075,,RESERVOIR,1486944000000,-3144.90771484375,869104.0922396067
3076,,RESERVOIR,1486944000000,5666.45300292969,906815.6660729361
3077,,RESERVOIR,1486944000000,1779.90295410156,337555.61992409383
3078,,RESERVOIR,1486944000000,3386.11120605469,610996.9715901786
3079,,RESERVOIR,1486944000000,-8389.75549316406,608846.3196168644
3080,,RESERVOIR,1486944000000,-11091.6099853516,267372.6715440471
3081,,RESERVOIR,1486944000000,-302739.557983398,222029.83426967106
3082,,RESERVOIR,1486944000000,-5437.13977050781,113995.75018628537
3083,,RESERVOIR,1486944000000,-5701.85412597656,659347.6051826653
3084,,RESERVOIR,1486944000000,5535.427734375,780940.1182126858
3085,,LAKE/POND,1519689600000,-2461.4921875,760976.1232660726
3086,,LAKE/POND,1519689600000,36075.8618164063,316343.43337187864
3087,,LAKE/POND,1519689600000,238397.784057617,205339.11922030523
3088,,LAKE/POND,1519689600000,-6677.80883789063,453668.363422598
3089,,LAKE/POND,1519689600000,1943.36999511719,546858.2320810263
3090,,LAKE/POND,1486944000000,60975.3533935547,919094.3001686309
3091,,LAKE/POND,1486944000000,-39347.1549072266,874834.7971354724
3092,,LAKE/POND,1486944000000,20278.1518554688,916065.8094103662
3093,,LAKE/POND,1486944000000,5195.16687011719,850276.5086350809
3094,,LAKE/POND,1486944000000,1320.53173828125,964583.7817346632
3095,,LAKE/POND,1486944000000,83046.1694335938,465552.98166934337
3096,,LAKE/POND,1486944000000,34627.9450683594,47568.70260985363
3097,,LAKE/POND,1486944000000,-182225.801269531,83653.59238323124
3098,,LAKE/POND,1486944000000,5214.89318847656,390336.7238820242
3099,,LAKE/POND,1486944000000,117480.766845703,257761.0648767787
3100,,LAKE/POND,1486944000000,22704.01953125,170023.42736133985
3101,,STREAM/RIVER,1486944000000,16033.9771728516,953207.5009274232
3102,,STREAM/RIVER,1486944000000,5558.13879394531,195499.851032193
3103,,STREAM/RIVER,1486944000000,1078.06176757813,959382.3750087272
3104,,TUNNEL/CULVERT,1486944000000,-3004.56335449219,760861.9955983346
3105,,TUNNEL/CULVERT,1486944000000,1444.4326171875,640980.9366123388
3106,,TUNNEL/CULVERT,1486944000000,-1154.75842285156,676050.6821744093
3107,,TUNNEL/CULVERT,1486944000000,1272.14660644531,331540.8447524344
3108,,TUNNEL/CULVERT,1486944000000,4154.99841308594,646461.7489274383
3109,,TUNNEL/CULVERT,1486944000000,3916.96362304688,186773.2623773189
3110,,TUNNEL/CULVERT,1486944000000,3654.06689453125,937710.7242872934
3111,,TUNNEL/CULVERT,1486944000000,3730.69311523438,301862.8588332575
3112,,TUNNEL/CULVERT,1486944000000,-2290.98657226563,255260.7384558005
3113,,TUNNEL/CULVERT,1486944000000,-1288.01867675781,711190.9707515399
3114,,TUNNEL/CULVERT,1486944000000,-6423.64929199219,656482.4167456572
3115,,DAM/WEIR,1486944000000,2178.52905273438,451353.3371525526
3116,,CANAL/DITCH,1486944000000,-24495.9356689453,632482.3576210826
3117,,CANAL/DITCH,1486944000000,2163.82397460938,159576.9629606083
3118,,CANAL/DITCH,1486944000000,-1960.14575195313,673360.3012429074
3119,,RESERVOIR,1486944000000,1594.74987792969,270683.36351497914
3120,,RESERVOIR,1486944000000,6144.50817871094,272908.420242813
3121,,RESERVOIR,1486944000000,7440.89306640625,162263.55477035526
3122,,RESERVOIR,1486944000000,3987.45361328125,332443.56494552596
3123,,RESERVOIR,1486944000000,47568.3800048828,331317.60395423666
3124,,RESERVOIR,1486944000000,14578.0463867188,454233.13962208736
3125,,RESERVOIR,1486944000000,11600.7415771484,190500.27229637819
3126,,RESERVOIR,1486944000000,-14662.7108154297,193088.04239761428
3127,,RESERVOIR,1486944000000,-5641.09948730469,541783.8560674904
3128,,RESERVOIR,1486944000000,68672.4708251953,128964.38805260343
3129,,RESERVOIR,1486944000000,9209.75463867188,688927.4293910282
3130,,RESERVOIR,1486944000000,4421.662109375,943951.7872028844
3131,,RESERVOIR,1486944000000,4221.9248046875,426852.5153065901
3132,,RESERVOIR,1486944000000,-14320.5324707031,901114.3015140486
3133,,RESERVOIR,1486944000000,4648.28625488281,98406.66115016073
3134,,RESERVOIR,1486944000000,9159.68310546875,43053.288655279626
3135,,LAKE/POND,1519689600000,1543.72863769531,721396.019257211
3136,,LAKE/POND,1519689600000,19488.2915039063,761044.7098026254
3137,,LAKE/POND,1519689600000,598.858276367188,843073.0920834137
3138,,LAKE/POND,1519689600000,7654.15600585938,56911.939814463025
3139,,LAKE/POND,1486944000000,18632.2930908203,776928.5873442797
3140,,LAKE/POND,1486944000000,-14744.6726074219,376600.70238456933
3141,,LAKE/POND,1486944000000,3719.02478027344,303406.99558129767
3142,,LAKE/POND,1486944000000,299460.313354492,173106.44592724124
3143,,LAKE/POND,1486944000000,69258.1536865234,996015.1575112616
3144,,LAKE/POND,1486944000000,-25810.7514648438,63757.15929634242
3145,,LAKE/POND,1486944000000,85774.4849853516,827024.486798524
3146,,LAKE/POND,1486944000000,-19364.7087402344,639529.846552543
3147,,LAKE/POND,1486944000000,44668.1820068359,735106.2011369967
3148,,LAKE/POND,1486944000000,-4363.08349609375,711745.2364926843
3149,,CANAL/DITCH,1486944000000,-24698.9907226563,858447.7831901901
3150,,CANAL/DITCH,1486944000000,4981.51025390625,183873.50685705282
3151,,DAM/WEIR,1486944000000,-9180.80139160156,924.5335483850733
3152,,DAM/WEIR,1486944000000,-25313.3503417969,598568.0376658728
3153,,DAM/WEIR,1486944000000,17783.0161132813,353922.8996007623
3154,,DAM/WEIR,1486944000000,3744.62292480469,123874.82859669486
3155,,DAM/WEIR,1486944000000,-17096.3383789063,186219.95409007432
3156,,DAM/WEIR,1486944000000,9109.24658203125,331815.80577866454
3157,,DAM/WEIR,1486944000000,3301.97485351563,70326.27731624366
3158,,DAM/WEIR,1486944000000,13943.3383789063,57007.453895035884
3159,,DAM/WEIR,1486944000000,-11611.9379882813,916033.7361807061
3160,,DAM/WEIR,1486944000000,-19136.5819091797,312171.2269760115
3161,,DAM/WEIR,1486944000000,2649.7470703125,982231.49217314
3162,,DAM/WEIR,1486944000000,8607.88793945313,964369.6072625585
3163,,RESERVOIR,1486944000000,-9977.66674804688,142656.88262759877
3164,,RESERVOIR,1486944000000,1860.74719238281,714952.0955415984
3165,,RESERVOIR,1486944000000,-2904.55419921875,600844.2078332674
3166,,RESERVOIR,1486944000000,8189.38708496094,690677.31775077
3167,,RESERVOIR,1486944000000,23844.2154541016,96281.28472347332
3168,,RESERVOIR,1486944000000,3621.00268554688,188641.03406661595
3169,,RESERVOIR,1486944000000,8422.02429199219,76730.92094607496
3170,,RESERVOIR,1486944000000,-9002.13305664063,604173.1876623442
3171,,RESERVOIR,1486944000000,2278.98913574219,986591.4301504303
3172,,RESERVOIR,1486944000000,-2543.19140625,672016.667219638
3173,,RESERVOIR,1486944000000,3090.68713378906,710789.7481068925
3174,,RESERVOIR,1486944000000,1531.7783203125,984585.5984540852
3175,,RESERVOIR,1486944000000,-15298.6246337891,678043.0750048248
3176,,RESERVOIR,1486944000000,-9542.93676757813,40277.514289634855
3177,,RESERVOIR,1486944000000,-17903.7808837891,867018.0332909111
3178,,RESERVOIR,1486944000000,-1148.28454589844,364741.45787146804
3179,,LAKE/POND,1519689600000,-453.191040039063,4463.180788942379
3180,,LAKE/POND,1519689600000,21261.7840576172,507282.9469088869
3181,,LAKE/POND,1486944000000,136359.009887695,937020.3623611751
3182,,LAKE/POND,1486944000000,12969.8621826172,257404.6967955765
3183,,LAKE/POND,1486944000000,64057.8951416016,491563.5302223616
3184,,LAKE/POND,1486944000000,125861.971069336,173859.33631672474
3185,,LAKE/POND,1486944000000,-2973.08361816406,57786.84470660179
3186,,RESERVOIR,1486944000000,1715.72082519531,80636.81167349516
3187,,LAKE/POND,1486944000000,105085.000854492,727037.4778598533
3188,,LAKE/POND,1486944000000,61337.9593505859,864087.1992206041
3189,,LAKE/POND,1486944000000,23516.1541748047,143384.3660697266
3190,,DAM/WEIR,1486944000000,7158.76123046875,288389.44763511984
3191,,DAM/WEIR,1486944000000,5570.8310546875,195109.7696685952
3192,,DAM/WEIR,1486944000000,12479.3199462891,26953.06449295836
3193,,DAM/WEIR,1486944000000,6348.27844238281,553475.473318625
3194,,DAM/WEIR,1486944000000,8567.48559570313,699951.4779984637
3195,,DAM/WEIR,1486944000000,-1831.34838867188,647912.0452595011
3196,,DAM/WEIR,1486944000000,-11376.7416992188,388114.3538939701
3197,,DAM/WEIR,1486944000000,13297.0795898438,555054.1899050655
3198,,DAM/WEIR,1486944000000,-9907.05249023438,94189.80260625442
3199,,DAM/WEIR,1486944000000,3369.67492675781,154388.13404709345
3200,,DAM/WEIR,1486944000000,-6936.53747558594,931800.5082964086
3201,,DAM/WEIR,1486944000000,6287.82763671875,761530.835537367
3202,,DAM/WEIR,1486944000000,-18337.9986572266,922745.899176489
3203,,DAM/WEIR,1486944000000,8609.34497070313,916687.6997906328
3204,,DAM/WEIR,1486944000000,-4468.42858886719,649427.0284534128
3205,,RESERVOIR,1486944000000,-3336.98474121094,928244.8960087058
3206,,RESERVOIR,1486944000000,-3036.91259765625,416762.01596805186
3207,,RESERVOIR,1486944000000,8731.88427734375,3715.8795442176574
3208,,RESERVOIR,1486944000000,2524.88317871094,62664.796163458916
3209,,RESERVOIR,1486944000000,6279.763671875,109576.26748091943
3210,,RESERVOIR,1486944000000,-24824.3588867188,95443.82248408879
3211,,RESERVOIR,1486944000000,7572.23669433594,351766.86890878755
3212,,RESERVOIR,1486944000000,-25756.9815673828,701299.9787578395
3213,,RESERVOIR,1486944000000,16154.1790771484,790668.9510710284
3214,,RESERVOIR,1486944000000,4194.92138671875,590253.6628039159
3215,,RESERVOIR,1486944000000,-5071.45666503906,146521.38450334928
3216,,RESERVOIR,1486944000000,1976.59692382813,747926.0640863583
3217,,RESERVOIR,1486944000000,5092.71044921875,354866.084143766
3218,,RESERVOIR,1486944000000,-5561.08972167969,13092.036343580394
3219,,RESERVOIR,1486944000000,-7243.37878417969,280660.28108207555
3220,,RESERVOIR,1486944000000,-1298.95092773438,330667.16348500963
3221,,RESERVOIR,1486944000000,-14980.6300048828,274317.83641904587
3222,,RESERVOIR,1486944000000,-1332.40795898438,811888.1543021137
3223,,RESERVOIR,1486944000000,11537.2281494141,759949.6450279333
3224,,LAKE/POND,1519689600000,-115440.754394531,695581.7796575698
3225,,LAKE/POND,1486944000000,67845.0744628906,139091.03899933555
3226,,LAKE/POND,1486944000000,61314.5037841797,807852.3184814017
3227,,LAKE/POND,1486944000000,102732.518066406,677207.5668911957
3228,,LAKE/POND,1486944000000,113063.097290039,194918.00787505726
3229,,LAKE/POND,1486944000000,-20642.3052978516,648128.4727945579
3230,,LAKE/POND,1486944000000,-4684.69738769531,483562.8063279397
3231,,LAKE/POND,1486944000000,-10215.2801513672,439405.6874999776
3232,,LAKE/POND,1486944000000,13353.3023681641,112211.83903287811
3233,,LAKE/POND,1486944000000,5024.32800292969,518351.927113305
3234,,LAKE/POND,1486944000000,-5505.07336425781,100021.71585965743
3235,,RESERVOIR,1486944000000,-2621.60400390625,164336.79766215396
3236,,DAM/WEIR,1486944000000,7690.12036132813,132632.92709702096
3237,,DAM/WEIR,1486944000000,-2967.63037109375,954111.9141338215
3238,,DAM/WEIR,1486944000000,8042.41101074219,284935.91911015526
3239,,DAM/WEIR,1486944000000,-9068.34069824219,355268.4479593245
3240,,DAM/WEIR,1486944000000,-603.198852539063,322148.0761548002
3241,,DAM/WEIR,1486944000000,5906.32751464844,898259.7218831808
3242,,DAM/WEIR,1486944000000,-4453.41662597656,563009.0517778436
3243,,DAM/WEIR,1486944000000,-6811.11486816406,919167.0637835194
3244,,DAM/WEIR,1486944000000,11227.3203125,299994.61341240694
3245,,DAM/WEIR,1486944000000,-2378.099609375,114923.07612983132
3246,,DAM/WEIR,1486944000000,17812.435546875,556262.2746604495
3247,,DAM/WEIR,1486944000000,87873.2351074219,345602.0925538467
3248,,RESERVOIR,1486944000000,-23218.0379638672,801925.8409005657
3249,,RESERVOIR,1486944000000,-145280.956054688,879434.5871473586
3250,,RESERVOIR,1486944000000,-3135.83740234375,472625.78098247014
3251,,RESERVOIR,1486944000000,-12064.71484375,971360.9168240757
3252,,RESERVOIR,1486944000000,-7320.94921875,553057.1520307651
3253,,RESERVOIR,1486944000000,7828.23486328125,270993.03042658046
3254,,RESERVOIR,1486944000000,7651.81311035156,489026.12881722476
3255,,ROCK/ISLAND,1486944000000,1374.32397460938,37406.52406339491
3256,,SPILLWAY,1486944000000,1786.51403808594,804019.956145881
3257,,SPILLWAY,1486944000000,2649.91528320313,101524.80591428465
3258,,SPILLWAY,1486944000000,1648.82800292969,308817.30490566615
3259,,SPILLWAY,1486944000000,-357.300659179688,565359.4500336959
3260,,SPILLWAY,1486944000000,-8495.89990234375,43070.785159208535
3261,,SPILLWAY,1486944000000,2355.97131347656,79408.88817463092
3262,,SPILLWAY,1486944000000,769.838989257813,696146.0498608939
3263,,SPILLWAY,1486944000000,965.820922851563,71869.8435743696
3264,,LAKE/POND,1519689600000,-15309.33203125,477134.6808778855
3265,,LAKE/POND,1519689600000,58567.8690185547,338761.42516177485
3266,,LAKE/POND,1519689600000,-4025.83996582031,228156.37193621285
3267,,LAKE/POND,1486944000000,10745.0074462891,188859.83119498118
3268,,LAKE/POND,1486944000000,110870.765136719,763434.1891919124
3269,,LAKE/POND,1486944000000,26421.3469238281,951546.0873887744
3270,,RESERVOIR,1486944000000,4802.06579589844,140265.5840493692
3271,,RESERVOIR,1486944000000,-1927.54943847656,959684.2913709903
3272,,RESERVOIR,1486944000000,7290.96301269531,594802.4324622528
3273,,RESERVOIR,1486944000000,8255.10083007813,641695.5976623154
3274,,RESERVOIR,1486944000000,1691.73779296875,709954.6755783894
3275,,RESERVOIR,1486944000000,-49724.5473632813,704147.7743466551
3276,,DAM/WEIR,1486944000000,-17206.1258544922,819828.3072637615
3277,,DAM/WEIR,1486944000000,-7763.60754394531,483519.82101391134
3278,,DAM/WEIR,1486944000000,6811.15319824219,533404.7182973621
3279,,DAM/WEIR,1486944000000,13604.5716552734,323894.29593616707
3280,,DAM/WEIR,1486944000000,24967.0482177734,105346.96276614496
3281,,DAM/WEIR,1486944000000,14414.7182617188,664673.0622669355
3282,,DAM/WEIR,1486944000000,10568.5776367188,33706.57457936311
3283,,DAM/WEIR,1486944000000,-5050.51025390625,275707.2119432089
3284,,DAM/WEIR,1486944000000,15921.9100341797,94320.34722979121
3285,,DAM/WEIR,1486944000000,-7910.03356933594,190807.89387982845
3286,,DAM/WEIR,1486944000000,-7587.67590332031,638766.4010751782
3287,,DAM/WEIR,1486944000000,-12432.7291259766,628513.1540652675
3288,,DAM/WEIR,1486944000000,-2531.109375,421112.3864494995
3289,,DAM/WEIR,1486944000000,-11835.9301757813,90262.86911986572
3290,,DAM/WEIR,1486944000000,5520.88391113281,433430.145693846
3291,,SPILLWAY,1486944000000,-209.586181640625,352809.2446262357
3292,,STREAM/RIVER,1486944000000,-109621.445678711,720486.3864815113
3293,,STREAM/RIVER,1486944000000,-121944.472900391,579068.1265116236
3294,,STREAM/RIVER,1486944000000,90423.8576660156,491616.11919449794
3295,,STREAM/RIVER,1486944000000,20142.9040527344,487032.89711468236
3296,,STREAM/RIVER,1486944000000,-18863.07421875,966299.2912748056
3297,,STREAM/RIVER,1486944000000,-46454.8697509766,756317.8359870585
3298,,STREAM/RIVER,1486944000000,1117.05639648438,497029.36552452133
3299,,LAKE/POND,1519689600000,2364.74047851563,479274.2114050758
3300,,LAKE/POND,1519689600000,15900.826171875,26576.42691573165
3301,,RESERVOIR,1486944000000,6817.19580078125,942514.0698842114
3302,,RESERVOIR,1486944000000,55142.009765625,319241.73519618117
3303,,RESERVOIR,1486944000000,80052.5235595703,256013.23203347382
3304,,RESERVOIR,1486944000000,-1489.2734375,999407.9850862072
3305,,RESERVOIR,1486944000000,3619.21374511719,718717.0838477025
3306,,RESERVOIR,1486944000000,-3104.96997070313,47458.98955818475
3307,,RESERVOIR,1486944000000,57468.7354736328,61979.226592396866
3308,,RESERVOIR,1486944000000,-6965.21252441406,25598.98830223789
3309,,RESERVOIR,1486944000000,-52283.0056152344,599658.3380040183
3310,,RESERVOIR,1486944000000,2395.72875976563,71657.27204744556
3311,,RESERVOIR,1486944000000,57069.08984375,933394.0846208893
3312,,RESERVOIR,1486944000000,-2582.53063964844,936911.9124621357
3313,,RESERVOIR,1486944000000,5678.35131835938,546098.9152873382
3314,,RESERVOIR,1486944000000,-20923.4495849609,616676.6508638798
3315,,DAM/WEIR,1486944000000,9134.96801757813,291964.9201906958
3316,,DAM/WEIR,1486944000000,5814.93676757813,64066.08118149009
3317,,DAM/WEIR,1486944000000,-10863.2391357422,737485.9616868511
3318,,DAM/WEIR,1486944000000,6590.88159179688,101875.7083641538
3319,,DAM/WEIR,1486944000000,4698.95434570313,85648.99969665028
3320,,DAM/WEIR,1486944000000,-7499.80419921875,311291.67567019415
3321,,DAM/WEIR,1486944000000,36184.5775146484,12564.400806238433
3322,,DAM/WEIR,1486944000000,-13235.3798828125,434091.7781591246
3323,,DAM/WEIR,1486944000000,10541.08203125,707709.4343081586
3324,,DAM/WEIR,1486944000000,-4236.3974609375,801367.9951798654
3325,,DAM/WEIR,1486944000000,-18359.5224609375,604346.2687612376
3326,,DAM/WEIR,1486944000000,15441.5004882813,846888.668819398
3327,,DAM/WEIR,1486944000000,-7654.26538085938,406561.14704452985
3328,,DAM/WEIR,1486944000000,3706.35180664063,848786.3590798855
3329,,DAM/WEIR,1486944000000,6132.03601074219,506522.156694019
3330,,STREAM/RIVER,1486944000000,1488.0048828125,223113.60134936747
3331,,STREAM/RIVER,1486944000000,-2857.45947265625,944150.2879501532
3332,,STREAM/RIVER,1486944000000,25186.8919677734,275043.1017788589
3333,,STREAM/RIVER,1486944000000,14080.7517089844,26298.837837890143
3334,,STREAM/RIVER,1486944000000,-6806.287109375,242749.53287668846
3335,,LAKE/POND,1519689600000,695.326782226563,366750.52581374074
3336,,LAKE/POND,1519689600000,56620.3486328125,351414.19697125186
3337,,LAKE/POND,1519689600000,9865.72790527344,524714.5180251178
3338,,LAKE/POND,1519689600000,31721.2330322266,883137.6862208379
3339,,LAKE/POND,1519689600000,8218.84020996094,292408.7009487611
3340,,RESERVOIR,1486944000000,251070.332763672,520818.01012776495
3341,,RESERVOIR,1486944000000,22818.7879638672,340204.59965415683
3342,,RESERVOIR,1486944000000,8197.236328125,821790.0602942037
3343,,RESERVOIR,1486944000000,4273.04919433594,157685.59553563624
3344,,RESERVOIR,1486944000000,12616.025390625,103599.81377295918
3345,,RESERVOIR,1486944000000,6866.42004394531,503044.45071702474
3346,,RESERVOIR,1486944000000,-19896.8328857422,671919.7251193296
3347,,RESERVOIR,1486944000000,-5185.78576660156,795544.8530454563
3348,,RESERVOIR,1486944000000,13813.97265625,589665.3007951729
3349,,RESERVOIR,1486944000000,18243.4028320313,773871.6024931074
3350,,DAM/WEIR,1486944000000,5971.97338867188,392770.39484500914
3351,,DAM/WEIR,1486944000000,10796.7609863281,32964.35063177206
3352,,DAM/WEIR,1486944000000,16930.6787109375,116187.58187145847
3353,,DAM/WEIR,1486944000000,10054.4865722656,38818.690246272046
3354,,DAM/WEIR,1486944000000,10395.1315917969,329010.42716779455
3355,,DAM/WEIR,1486944000000,-14571.5456542969,495541.2966432142
3356,,DAM/WEIR,1486944000000,4613.34582519531,356381.49559109
3357,,DAM/WEIR,1486944000000,-2938.15783691406,560642.8545194105
3358,,DAM/WEIR,1486944000000,6462.89660644531,480660.6069687899
3359,,DAM/WEIR,1486944000000,4691.58813476563,677974.329640952
3360,,DAM/WEIR,1486944000000,8847.7646484375,666994.8003848863
3361,,DAM/WEIR,1486944000000,289.611572265625,318132.0226298215
3362,,DAM/WEIR,1486944000000,-4178.14514160156,346279.48770110006
3363,,DAM/WEIR,1486944000000,-12512.6981201172,585188.7217113175
3364,,DAM/WEIR,1486944000000,-21833.7797851563,596472.2282115849
3365,,STREAM/RIVER,1486944000000,24628.7252197266,314768.1289458558
3366,,STREAM/RIVER,1486944000000,25102.7768554688,330384.5236689619
3367,,STREAM/RIVER,1486944000000,-15147.6469726563,694074.9146398153
3368,,STREAM/RIVER,1486944000000,-30710.7248535156,647445.434382959
3369,,LAKE/POND,1519689600000,49883.9071044922,135137.16454850204
3370,,RESERVOIR,1486944000000,212854.787597656,441097.3344455462
3371,,RESERVOIR,1486944000000,-3907.97607421875,892715.9153966405
3372,,RESERVOIR,1486944000000,-12650.7613525391,36402.00923118866
3373,,RESERVOIR,1486944000000,6495.58325195313,855177.5749256188
3374,,RESERVOIR,1486944000000,-2931.30786132813,163261.67607028014
3375,,RESERVOIR,1486944000000,-4263.15502929688,507297.40034983726
3376,,RESERVOIR,1486944000000,-1588.03698730469,424393.57094369025
3377,,RESERVOIR,1486944000000,3835.18798828125,10228.314278387334
3378,,RESERVOIR,1486944000000,2236.33349609375,915404.481998986
3379,,RESERVOIR,1486944000000,-3231.43054199219,454979.27988634486
3380,,RESERVOIR,1486944000000,7463.203125,954271.8956646621
3381,,RESERVOIR,1486944000000,17341.1042480469,286814.93984521896
3382,,RESERVOIR,1486944000000,2182.59826660156,866288.2795628574
3383,,RESERVOIR,1486944000000,3272.91625976563,922396.4126486569
3384,,RESERVOIR,1486944000000,-4039.82836914063,556876.1762967271
3385,,DAM/WEIR,1486944000000,9403.20263671875,202757.31741114287
3386,,DAM/WEIR,1486944000000,23178.7520751953,685278.2221150773
3387,,DAM/WEIR,1486944000000,12912.6812744141,549022.6197447407
3388,,DAM/WEIR,1486944000000,-5554.29455566406,944534.2683563748
3389,,DAM/WEIR,1486944000000,-6287.07397460938,439327.695332249
3390,,DAM/WEIR,1486944000000,-22412.5393066406,268586.5277614104
3391,,DAM/WEIR,1486944000000,3390.03979492188,138373.0345069562
3392,,DAM/WEIR,1486944000000,12542.2392578125,698663.0066962421
3393,,DAM/WEIR,1486944000000,3679.42102050781,974111.2339090653
3394,,DAM/WEIR,1486944000000,7603.07983398438,28440.907850570762
3395,,DAM/WEIR,1486944000000,-8837.72827148438,740470.5697972942
3396,,DAM/WEIR,1486944000000,-1476.28247070313,926936.7425930481
3397,,DAM/WEIR,1486944000000,7560.41516113281,74873.98129239239
3398,,DAM/WEIR,1486944000000,13423.7032470703,110258.91793157744
3399,,DAM/WEIR,1486944000000,8690.08422851563,691987.2107827652
3400,,STREAM/RIVER,1486944000000,9692.74047851563,647997.9315948229
3401,,STREAM/RIVER,1486944000000,14925.1411132813,68920.46374729875
3402,,STREAM/RIVER,1486944000000,6322.56494140625,834438.4754531892
3403,,STREAM/RIVER,1486944000000,-12846.1923828125,523470.98203626
3404,,STREAM/RIVER,1486944000000,19009.5396728516,907205.7464019055
3405,,LAKE/POND,1519689600000,11966.7200927734,878002.2039137242
3406,,RESERVOIR,1486944000000,-9638.72106933594,812525.7057654917
3407,,RESERVOIR,1486944000000,-3923.77624511719,515946.7904559006
3408,,RESERVOIR,1486944000000,-2205.56127929688,251785.21897461556
3409,,RESERVOIR,1486944000000,-4683.26452636719,506024.40038523753
3410,,RESERVOIR,1486944000000,16125.5024414063,100901.19585262208
3411,,RESERVOIR,1486944000000,-11094.25390625,658879.6050124303
3412,,RESERVOIR,1486944000000,11840.6702880859,134063.6875298655
3413,,RESERVOIR,1486944000000,-9644.87951660156,511221.3340315105
3414,,ROCK/ISLAND,1486944000000,-975.494750976563,54476.48158742693
3415,,ROCK/ISLAND,1486944000000,-14692.05078125,299582.2395131281
3416,,SPILLWAY,1486944000000,-808.68896484375,232157.02054326018
3417,,DAM/WEIR,1486944000000,11798.4921875,620068.9195258566
3418,,DAM/WEIR,1486944000000,-11799.3846435547,786807.2465645944
3419,,DAM/WEIR,1486944000000,-3333.92993164063,57397.16694211755
3420,,DAM/WEIR,1486944000000,-14926.0606689453,850297.8065031836
3421,,DAM/WEIR,1486944000000,-36363.8876953125,860780.7574174141
3422,,DAM/WEIR,1486944000000,3654.630859375,342334.5051115197
3423,,LAKE/POND,1486944000000,7036.80798339844,659037.5065596591
3424,,LAKE/POND,1486944000000,-5643.59252929688,402672.36778724747
3425,,LAKE/POND,1486944000000,536752.255371094,154275.30891053035
3426,,LAKE/POND,1486944000000,7173.20458984375,528709.0236588354
3427,,STREAM/RIVER,1486944000000,47465.4473876953,86450.95217447198
3428,,STREAM/RIVER,1486944000000,12322.5764160156,878483.4297082929
3429,,STREAM/RIVER,1486944000000,-2853.66333007813,924296.4061439082
3430,,LAKE/POND,1519689600000,3418.28063964844,821630.1540845655
3431,,LAKE/POND,1519689600000,188117.962402344,562571.3054157823
3432,,LAKE/POND,1519689600000,3070.28796386719,557642.2736677512
3433,,STREAM/RIVER,1486944000000,51127.4274902344,984607.9312558931
3434,,STREAM/RIVER,1486944000000,29901.9260253906,247976.65176050994
3435,,STREAM/RIVER,1486944000000,-13043.7972412109,76040.69512025105
3436,,STREAM/RIVER,1486944000000,4710.69738769531,561984.167567894
3437,,STREAM/RIVER,1486944000000,25833.9022216797,328852.3904647245
3438,,STREAM/RIVER,1486944000000,5231.4970703125,322406.2165919906
3439,,LAKE/POND,1486944000000,16631.904296875,7184.638549176879
3440,,LAKE/POND,1486944000000,1313.90686035156,596279.1893675686
3441,,LAKE/POND,1486944000000,42849.0786132813,264107.0348716842
3442,,LAKE/POND,1486944000000,1660.07043457031,187939.57447931354
3443,,LAKE/POND,1486944000000,-2181.86987304688,40527.847767933024
3444,,LAKE/POND,1486944000000,7004.89453125,364424.7759563873
3445,,LAKE/POND,1486944000000,3320.79064941406,878980.0965303463
3446,,LAKE/POND,1486944000000,341945.652954102,336736.803845805
3447,,LAKE/POND,1486944000000,-49305.9993896484,679105.6236243716
3448,,LAKE/POND,1486944000000,9902.05517578125,756570.5521586037
3449,,STREAM/RIVER,1486944000000,97753.4046630859,328167.67100847134
3450,,TUNNEL/CULVERT,1486944000000,1231.18237304688,821657.749297805
3451,,TUNNEL/CULVERT,1486944000000,-1688.892578125,691909.7798213228
3452,,TUNNEL/CULVERT,1486944000000,5251.02661132813,559285.7452358528
3453,,TUNNEL/CULVERT,1486944000000,-5347.18579101563,1092.3638117598025
3454,,TUNNEL/CULVERT,1486944000000,-1751.44396972656,35187.22175544993
3455,,TUNNEL/CULVERT,1486944000000,1353.21643066406,990865.7666558087
3456,,TUNNEL/CULVERT,1486944000000,3800.32934570313,782304.9128272855
3457,,TUNNEL/CULVERT,1486944000000,-5572.74621582031,937570.564681811
3458,,TUNNEL/CULVERT,1486944000000,11150.7875976563,902312.0722943308
3459,,TUNNEL/CULVERT,1486944000000,2710.44567871094,20540.91840145342
3460,,TUNNEL/CULVERT,1486944000000,-2296.62170410156,791867.313214805
3461,,LAKE/POND,1519689600000,-50235.3048095703,451200.17829100945
3462,,LAKE/POND,1519689600000,131884.248535156,789578.4586220516
3463,,LAKE/POND,1519689600000,38782.5285644531,6815.105869184639
3464,,STREAM/RIVER,1486944000000,-9620.71301269531,288270.193071143
3465,,STREAM/RIVER,1486944000000,6117.41101074219,751347.8920899472
3466,,STREAM/RIVER,1486944000000,14198.1553955078,793040.693501941
3467,,STREAM/RIVER,1486944000000,18674.3831787109,619752.0100399012
3468,,STREAM/RIVER,1486944000000,5580.13354492188,301325.76257112966
3469,,LAKE/POND,1486944000000,-215071.303344727,310431.24466614285
3470,,LAKE/POND,1486944000000,-52527.8513183594,966766.3204817048
3471,,LAKE/POND,1486944000000,-35179.2833251953,439267.81880410184
3472,,LAKE/POND,1486944000000,98799.5499267578,447180.3905632624
3473,,LAKE/POND,1486944000000,11159.5496826172,552376.9646329252
3474,,LAKE/POND,1486944000000,305089.839355469,409560.9771283654
3475,,LAKE/POND,1486944000000,-214.710571289063,552715.7447693899
3476,,LAKE/POND,1486944000000,91068.5277099609,432391.75688985834
3477,,LAKE/POND,1486944000000,-3084.48400878906,826731.4213953068
3478,,TUNNEL/CULVERT,1486944000000,-3029.15100097656,909059.2056452844
3479,,TUNNEL/CULVERT,1486944000000,-2023.03125,932116.1166791203
3480,,LAKE/POND,1486944000000,2775095.45080566,564339.2119125978
3481,,SPILLWAY,1486944000000,-8367.86181640625,442203.9004601914
3482,,DAM/WEIR,1486944000000,1158.27770996094,705268.8295459
3483,,DAM/WEIR,1486944000000,1091.51586914063,838338.9206131857
3484,,RESERVOIR,1486944000000,13609.8544921875,563025.3808599284
3485,,RESERVOIR,1486944000000,-8518.65075683594,700010.3237390573
3486,,DAM/WEIR,1486944000000,37258.658203125,749753.6280568251
3487,,RESERVOIR,1486944000000,23839.2393798828,676425.4609458382
3488,,RESERVOIR,1486944000000,46541.03125,746158.1962401809
3489,,RESERVOIR,1486944000000,29394.49609375,208724.25937741023
3490,,LAKE/POND,1486944000000,2054.61596679688,498424.21119254833
3491,,RESERVOIR,1486944000000,6190.56372070313,588309.1394810721
3492,,STREAM/RIVER,1486944000000,17118.2698974609,2577.6805860065215
3493,,LAKE/POND,1519689600000,67644.412109375,855976.0566002917
3494,,STREAM/RIVER,1486944000000,-11631.4036865234,610062.8959695591
3495,,STREAM/RIVER,1486944000000,8382.61804199219,129223.28892870175
3496,,STREAM/RIVER,1486944000000,-23139.1185302734,816374.620511497
3497,,STREAM/RIVER,1486944000000,-14440.2927246094,717084.5436869342
3498,,LAKE/POND,1486944000000,-3345.50109863281,758322.9552097472
3499,,LAKE/POND,1486944000000,-93469.9130859375,392102.86557320814
3500,,LAKE/POND,1486944000000,3127.30517578125,854216.2322418159
3501,,LAKE/POND,1486944000000,94698.580078125,414085.76534656686
3502,,LAKE/POND,1486944000000,-39348.2260742188,570551.5315211439
3503,,LAKE/POND,1486944000000,-16620.5606689453,742.238827200038
3504,,LAKE/POND,1486944000000,92812.3704833984,644907.9824932797
3505,,LAKE/POND,1486944000000,79822.287109375,718203.2563729318
3506,,LAKE/POND,1486944000000,62642.4149169922,567152.0874428779
3507,,LAKE/POND,1486944000000,-155389.519042969,496608.6646030946
3508,,LAKE/POND,1486944000000,-2495.39526367188,809954.6701278634
3509,,LAKE/POND,1486944000000,-6416.05859375,681403.8985208082
3510,,LAKE/POND,1486944000000,-35305.2672119141,278145.95424201124
3511,,RESERVOIR,1486944000000,8185.01916503906,959076.4716728397
3512,,STREAM/RIVER,1486944000000,29915.4465332031,707295.7602087271
3513,,TUNNEL/CULVERT,1486944000000,-6650.30981445313,987939.1470806045
3514,,STREAM/RIVER,1486944000000,15428.2346191406,971263.2188759252
3515,,RESERVOIR,1486944000000,10454.7652587891,918916.912928086
3516,,SPILLWAY,1486944000000,-190.581298828125,755395.2486996439
3517,,TUNNEL/CULVERT,1486944000000,6710.96569824219,609467.8161307492
3518,,TUNNEL/CULVERT,1486944000000,-2970.541015625,172253.27444589225
3519,,DAM/WEIR,1486944000000,4439.86145019531,543396.538930598
3520,,DAM/WEIR,1486944000000,-9440.08581542969,765399.2193655655
3521,,DAM/WEIR,1486944000000,25023.892578125,520904.5521325386
3522,,DAM/WEIR,1486944000000,-26640.2756347656,868251.4362536888
3523,,DAM/WEIR,1486944000000,2995.73400878906,109744.8239458799
3524,,DAM/WEIR,1486944000000,16820.6588134766,381001.8730734812
3525,,DAM/WEIR,1486944000000,7122.97875976563,506013.3161873793
3526,,DAM/WEIR,1486944000000,-20802.5529785156,432381.6310142253
3527,,DAM/WEIR,1486944000000,5113.35571289063,108675.5805802231
3528,,DAM/WEIR,1486944000000,15413.98046875,153612.78768693202
3529,,DAM/WEIR,1486944000000,-6402.81286621094,837632.6935089087
3530,,DAM/WEIR,1486944000000,23971.6822509766,484435.3363912717
3531,,DAM/WEIR,1486944000000,-36409.5330810547,48817.50578762562
3532,,DAM/WEIR,1486944000000,-8981.25109863281,16589.59336049317
3533,,DAM/WEIR,1486944000000,34509.9849853516,473527.58097872516
3534,,STREAM/RIVER,1486944000000,-71710.1160888672,164462.12367312532
3535,,STREAM/RIVER,1486944000000,97965.6422119141,705154.7282786759
3536,,STREAM/RIVER,1486944000000,-24385.4700927734,795343.1348580361
3537,,LAKE/POND,1486944000000,-3387.73583984375,228373.65048955142
3538,,LAKE/POND,1486944000000,-20451.5056152344,592217.1350103477
3539,,LAKE/POND,1486944000000,-108702.711181641,154529.04457639396
3540,,LAKE/POND,1486944000000,14050.9396972656,303651.989746576
3541,,LAKE/POND,1486944000000,60926.3161621094,888805.725836521
3542,,LAKE/POND,1486944000000,6190141.48413086,544143.1375750711
3543,,LAKE/POND,1486944000000,-45304.4069824219,885899.2203859906
3544,,LAKE/POND,1486944000000,4335.78625488281,225325.05415128483
3545,,LAKE/POND,1486944000000,-60644.1662597656,330091.01078999793
3546,,DAM/WEIR,1519689600000,-1195.70812988281,471004.57229083293
3547,,DAM/WEIR,1519689600000,1733.1162109375,480131.58710694825
3548,,DAM/WEIR,1519689600000,251.869873046875,997647.2047390149
3549,,DAM/WEIR,1519689600000,18608.6704101563,114533.759993914
3550,,DAM/WEIR,1519689600000,4253.38952636719,851978.987132995
3551,,DAM/WEIR,1519689600000,15334.1499023438,863694.8075358885
3552,,DAM/WEIR,1519689600000,-32738.6114501953,553242.758476002
3553,,TUNNEL/CULVERT,1519689600000,-1284.50244140625,344102.4205051596
3554,,TUNNEL/CULVERT,1519689600000,-3153.43237304688,519273.66245176306
3555,,TUNNEL/CULVERT,1519689600000,4881.47131347656,292538.16556837835
3556,,TUNNEL/CULVERT,1519689600000,4434.94567871094,799126.7385876471
3557,,TUNNEL/CULVERT,1519689600000,3329.42956542969,498328.83251530037
3558,,TUNNEL/CULVERT,1519689600000,-993.955810546875,925848.6688173839
3559,,TUNNEL/CULVERT,1519689600000,842.810424804688,622728.4525302638
3560,,TUNNEL/CULVERT,1519689600000,10519.5662841797,514367.3868620388
3561,,TUNNEL/CULVERT,1519689600000,163.3544921875,711097.5359729005
3562,,TUNNEL/CULVERT,1519689600000,1429.466796875,503982.06720082683
3563,,TUNNEL/CULVERT,1519689600000,-101.661743164063,904514.9952780548
3564,,TUNNEL/CULVERT,1519689600000,-2197.00341796875,184527.3318447917
3565,,TUNNEL/CULVERT,1519689600000,2847.32312011719,973350.3755288473
3566,,TUNNEL/CULVERT,1519689600000,1332.70629882813,812208.520605455
3567,,TUNNEL/CULVERT,1519689600000,-1667.60668945313,860746.4277953212
3568,,TUNNEL/CULVERT,1519689600000,-885.916748046875,482959.0586800017
3569,,TUNNEL/CULVERT,1519689600000,-3855.07824707031,837216.9919811143
3570,,TUNNEL/CULVERT,1519689600000,1733.88488769531,306843.0993947639
3571,,TUNNEL/CULVERT,1519689600000,-837.626220703125,761971.2217981402
3572,,TUNNEL/CULVERT,1519689600000,-1362.83630371094,140535.97292302534
3573,,TUNNEL/CULVERT,1519689600000,2895.32983398438,307120.9037189965
3574,,TUNNEL/CULVERT,1519689600000,2831.20983886719,445787.6443607335
3575,,TUNNEL/CULVERT,1519689600000,-1808.60900878906,322387.1638518894
3576,,TUNNEL/CULVERT,1519689600000,-4657.04260253906,387078.02689550555
3577,,TUNNEL/CULVERT,1519689600000,-1302.8759765625,820121.9142044749
3578,,TUNNEL/CULVERT,1519689600000,-6328.28820800781,256749.96787706122
3579,,TUNNEL/CULVERT,1519689600000,-1788.04724121094,745305.8987561846
3580,,TUNNEL/CULVERT,1519689600000,-1636.45495605469,73804.62419267157
3581,,TUNNEL/CULVERT,1519689600000,748.468872070313,765761.7678652018
3582,,TUNNEL/CULVERT,1519689600000,1584.38317871094,792043.2484822472
3583,,TUNNEL/CULVERT,1519689600000,1451.01306152344,401758.2039261563
3584,,TUNNEL/CULVERT,1519689600000,-1352.896484375,722504.8529073305
3585,,TUNNEL/CULVERT,1519689600000,-4843.02197265625,915145.9747663209
3586,,TUNNEL/CULVERT,1519689600000,4999.45983886719,800732.1015441979
3587,,TUNNEL/CULVERT,1519689600000,2931.62365722656,390507.0752994098
3588,,TUNNEL/CULVERT,1519689600000,3838.5224609375,484264.60871512216
3589,,TUNNEL/CULVERT,1519689600000,-1444.52075195313,779378.8296737821
3590,,DAM/WEIR,1519689600000,-6105.54650878906,292665.0377955488
3591,,DAM/WEIR,1519689600000,6179.43762207031,803901.5481521023
3592,,DAM/WEIR,1519689600000,18563.4422607422,328138.0073755425
3593,,ROCK/ISLAND,1519689600000,-5106.49768066406,806009.1773367171
3594,,ROCK/ISLAND,1519689600000,2043.75109863281,86891.67650594492
3595,,ROCK/ISLAND,1519689600000,3808.91015625,44492.81278360217
3596,,DAM/WEIR,1519689600000,13369.0792236328,997674.682149638
3597,,DAM/WEIR,1519689600000,-2931.75549316406,869469.3080652424
3598,,DAM/WEIR,1519689600000,983.93359375,882858.3358683538
3599,,DAM/WEIR,1519689600000,10340.6146240234,951283.8683319092
3600,,DAM/WEIR,1519689600000,-20286.3809814453,438372.03946723696
3601,,DAM/WEIR,1519689600000,1028.55017089844,286906.58428912953
3602,,DAM/WEIR,1519689600000,29051.1920166016,130111.86249340618
3603,,DAM/WEIR,1519689600000,10175.6179199219,501258.51141597715
3604,,LAKE/POND,1519689600000,-47366.4755859375,220126.0955962397
3605,,STREAM/RIVER,1519689600000,9836.76293945313,935556.3661027891
3606,,STREAM/RIVER,1519689600000,15542.3908691406,4102.758123372375
3607,,STREAM/RIVER,1519689600000,-7839.98803710938,143282.27487260953
3608,,STREAM/RIVER,1519689600000,-462396.809692383,246550.95902226536
3609,,STREAM/RIVER,1519689600000,-18589.5295410156,199036.61696532415
3610,,STREAM/RIVER,1519689600000,-4416.17883300781,225855.63295761574
3611,,STREAM/RIVER,1519689600000,30210.5693359375,656081.3442530673
3612,,STREAM/RIVER,1519689600000,13232.9429931641,327578.99959323957
3613,,DAM/WEIR,1519689600000,-11010.5905761719,615062.264440801
3614,,DAM/WEIR,1519689600000,22712.3223876953,890268.017594993
3615,,DAM/WEIR,1519689600000,-3062.31030273438,602595.907292384
3616,,RESERVOIR,1519689600000,168287.134033203,694562.6434744615
3617,,RESERVOIR,1519689600000,109659.59753418,365566.38238823693
3618,,RESERVOIR,1519689600000,2024.3369140625,159822.33403747928
3619,,STREAM/RIVER,1519689600000,6689.54614257813,320651.6834595987
3620,,STREAM/RIVER,1519689600000,1128.25305175781,964285.2561565889
3621,,DAM/WEIR,1519689600000,-6762.17712402344,621848.5815033073
3622,,DAM/WEIR,1519689600000,-626.048217773438,277583.09081095236
3623,,DAM/WEIR,1519689600000,22397.8059082031,450969.7247201205
3624,,DAM/WEIR,1519689600000,-3889.92114257813,835528.6506142138
3625,,DAM/WEIR,1519689600000,-4931.44250488281,668476.0579051323
3626,,DAM/WEIR,1519689600000,-22371.9693603516,560696.2147922546
3627,,DAM/WEIR,1519689600000,4090.462890625,885173.475183301
3628,,DAM/WEIR,1519689600000,16204.5159912109,672471.6558199964
3629,,DAM/WEIR,1519689600000,5181.14831542969,642764.8150882855
3630,,DAM/WEIR,1519689600000,6633.42504882813,189848.97062890985
3631,,RESERVOIR,1519689600000,-6278.82202148438,106477.93775542353
3632,,RESERVOIR,1519689600000,-7598.32080078125,965144.6377035762
3633,,RESERVOIR,1519689600000,1199.18676757813,598897.8854049726
3634,,RESERVOIR,1519689600000,3020.07568359375,415741.4251221053
3635,,RESERVOIR,1519689600000,-385.6064453125,589061.3298073056
3636,,RESERVOIR,1519689600000,9429.23876953125,61905.71806364714
3637,,STREAM/RIVER,1519689600000,18428.166015625,822144.2390494425
3638,,STREAM/RIVER,1519689600000,-3123.73303222656,216723.65436524397
3639,,STREAM/RIVER,1519689600000,-4992.79956054688,804564.747171309
3640,,STREAM/RIVER,1519689600000,25900.1446533203,534424.471040841
3641,,STREAM/RIVER,1519689600000,49223.2911376953,276644.0798835234
3642,,STREAM/RIVER,1519689600000,23329.7169189453,30306.89703729801
3643,,RESERVOIR,1519689600000,5929.10559082031,815850.9561577177
3644,,LAKE/POND,1519689600000,99092.1778564453,176542.31899501826
3645,,LAKE/POND,1519689600000,24236.9868164063,51899.88332319382
3646,,STREAM/RIVER,1519689600000,-11356.1479492188,755901.3871750674
3647,,STREAM/RIVER,1519689600000,12036.4007568359,350107.8680075191
3648,,DAM/WEIR,1519689600000,1306.56567382813,389394.68285708525
3649,,DAM/WEIR,1519689600000,8851.44104003906,247142.63345440364
3650,,DAM/WEIR,1519689600000,-4438.41552734375,859191.7016705488
3651,,DAM/WEIR,1519689600000,6937.5205078125,297399.49582439533
3652,,DAM/WEIR,1519689600000,2420.1015625,210271.340301479
3653,,DAM/WEIR,1519689600000,-7041.17065429688,309318.4921137962
3654,,RESERVOIR,1519689600000,-8211.46264648438,203229.05706030506
3655,,RESERVOIR,1519689600000,-4264.47900390625,317723.13762790617
3656,,RESERVOIR,1519689600000,7595.47802734375,83027.84630966335
3657,,ROCK/ISLAND,1519689600000,94.6971435546875,158614.0175865173
3658,,ROCK/ISLAND,1519689600000,-140.013916015625,417110.76105492486
3659,,ROCK/ISLAND,1519689600000,42.5831298828125,879478.0294374618
3660,,ROCK/ISLAND,1519689600000,-154.2314453125,57384.9603568669
3661,,ROCK/ISLAND,1519689600000,1361.15063476563,212753.22661464787
3662,,STREAM/RIVER,1519689600000,-9699.11767578125,908353.9326283666
3663,,STREAM/RIVER,1519689600000,5301.9521484375,890024.7826778315
3664,,DAM/WEIR,1519689600000,13421.5158691406,679482.2087617783
3665,,DAM/WEIR,1519689600000,-25129.9259033203,240549.26626627435
3666,,ROCK/ISLAND,1519689600000,411.766357421875,419868.1601891191
3667,,ROCK/ISLAND,1519689600000,3505.95080566406,211299.66111752682
3668,,ROCK/ISLAND,1519689600000,754.25830078125,128675.52168578161
3669,,ROCK/ISLAND,1519689600000,129.52392578125,380060.0146760456
3670,,ROCK/ISLAND,1519689600000,1877.73486328125,575863.4470882381
3671,,ROCK/ISLAND,1519689600000,497.462890625,359996.32226458326
3672,,STREAM/RIVER,1519689600000,-14750.9661865234,610862.8571863726
3673,,RESERVOIR,1519689600000,3271.86462402344,296324.81365103216
3674,,DAM/WEIR,1519689600000,-36891.8271484375,345915.59685748647
3675,,DAM/WEIR,1519689600000,-13471.5198974609,790693.7336118534
3676,,ROCK/ISLAND,1519689600000,-3225.84228515625,878326.0211060378
3677,,ROCK/ISLAND,1519689600000,-1210.24938964844,322101.5560888174
3678,,ROCK/ISLAND,1519689600000,788.432983398438,571558.0782493404
3679,,ROCK/ISLAND,1519689600000,1247.56164550781,278234.1895015949
3680,,ROCK/ISLAND,1519689600000,4512.04858398438,53429.25490861507
3681,,SPILLWAY,1519689600000,-325.917236328125,737882.6577850906
3682,,SPILLWAY,1519689600000,11781.3585205078,171086.21188434347
3683,,SPILLWAY,1519689600000,4045.96142578125,425769.5267820187
3684,,STREAM/RIVER,1519689600000,-5677.10510253906,487096.3017843255
3685,,STREAM/RIVER,1519689600000,81239.5718994141,184552.95254910382
3686,,STREAM/RIVER,1519689600000,195763.883544922,94645.80057297926
3687,,STREAM/RIVER,1519689600000,-2862.14074707031,348077.8653565888
3688,,DAM/WEIR,1519689600000,13403.7642822266,952289.7266736558
3689,,DAM/WEIR,1519689600000,1549.66381835938,615173.4612938326
3690,,DAM/WEIR,1519689600000,-10044.625,381471.7059698338
3691,,DAM/WEIR,1519689600000,11610.1627197266,39006.89078131673
3692,,SPILLWAY,1519689600000,1430.20532226563,600312.6537896614
3693,,SPILLWAY,1519689600000,1473.72412109375,92348.32291363811
3694,,SPILLWAY,1519689600000,837.556884765625,542589.2740963505
3695,,SPILLWAY,1519689600000,1656.37377929688,751974.5612704075
3696,,SPILLWAY,1519689600000,310.947631835938,423642.56617460854
3697,,STREAM/RIVER,1519689600000,11048.5548095703,299481.25425554794
3698,,STREAM/RIVER,1519689600000,18723.24609375,47479.44800998302
3699,,STREAM/RIVER,1519689600000,38340.7344970703,24875.372596205474
3700,,DAM/WEIR,1519689600000,-4357.19299316406,430083.136961987
3701,,DAM/WEIR,1519689600000,17755.5767822266,883356.0528306268
3702,,DAM/WEIR,1519689600000,12989.4860839844,244138.12845253228
3703,,DAM/WEIR,1519689600000,23688.9525146484,574097.5261757374
3704,,DAM/WEIR,1519689600000,4725.56787109375,684336.7047919742
3705,,STREAM/RIVER,1519689600000,7507.42333984375,60923.723684743796
3706,,STREAM/RIVER,1519689600000,-10620.6076660156,153184.91266542097
3707,,STREAM/RIVER,1519689600000,-14132.5383300781,331343.3344634317
3708,,STREAM/RIVER,1519689600000,-51825.69140625,670125.4947379815
3709,,STREAM/RIVER,1519689600000,-2839.66748046875,439090.76968176186
3710,,STREAM/RIVER,1519689600000,4073.72082519531,734220.9145163553
3711,,STREAM/RIVER,1519689600000,-11630.6319580078,867610.2381887697
3712,,STREAM/RIVER,1519689600000,-33393.2045898438,758395.6809986065
3713,,DAM/WEIR,1519689600000,-12700.5893554688,992246.9903453104
3714,,DAM/WEIR,1519689600000,1317.07287597656,754384.8782637077
3715,,DAM/WEIR,1519689600000,5044.77307128906,852193.1249087548
3716,,DAM/WEIR,1519689600000,-662.471069335938,832382.289462796
3717,,DAM/WEIR,1519689600000,-3497.84252929688,730292.0054380563
3718,,DAM/WEIR,1519689600000,-4067.93957519531,801820.8346724083
3719,,DAM/WEIR,1519689600000,-9463.08557128906,934688.8248613956
3720,,DAM/WEIR,1519689600000,-3808.74853515625,475259.38258106145
3721,,STREAM/RIVER,1519689600000,-7450.17785644531,638322.5569231284
3722,,STREAM/RIVER,1519689600000,-10673.4008789063,514987.71266089386
3723,,STREAM/RIVER,1519689600000,48166.1762695313,851051.0324563666
3724,,STREAM/RIVER,1519689600000,17637.7806396484,431416.0355516173
3725,,DAM/WEIR,1519689600000,743.28564453125,819743.9787408473
3726,,DAM/WEIR,1519689600000,-19338.6917724609,799373.8402450581
3727,,DAM/WEIR,1519689600000,-4200.34680175781,961888.9508723523
3728,,STREAM/RIVER,1519689600000,15045.6623535156,248995.55826679379
3729,,STREAM/RIVER,1519689600000,-806.454467773438,709647.8383154138
3730,,STREAM/RIVER,1519689600000,3103.75952148438,756943.0487782238
3731,,STREAM/RIVER,1519689600000,3091.20971679688,936283.9286768924
3732,,STREAM/RIVER,1519689600000,36448.9365234375,906910.8209113075
3733,,DAM/WEIR,1519689600000,-28677.4151611328,573567.9355964158
3734,,DAM/WEIR,1519689600000,6925.01513671875,579194.6913922075
3735,,DAM/WEIR,1519689600000,-3533.43542480469,167374.33199016057
3736,,DAM/WEIR,1519689600000,-5026.5625,974964.2311908264
3737,,DAM/WEIR,1519689600000,-18129.9921875,255091.7059396938
3738,,DAM/WEIR,1519689600000,1027.03137207031,724763.0200932286
3739,,STREAM/RIVER,1519689600000,9158.75964355469,795814.6295098271
3740,,STREAM/RIVER,1519689600000,-2423.09741210938,441270.9418454153
3741,,STREAM/RIVER,1519689600000,-26560.4018554688,211272.38946333507
3742,,STREAM/RIVER,1519689600000,18961.4423828125,189041.29922088055
3743,,STREAM/RIVER,1519689600000,897.402099609375,856509.4948055006
3744,,STREAM/RIVER,1519689600000,-11835.9674072266,510804.9003433532
3745,,STREAM/RIVER,1519689600000,-6456.76489257813,90227.87820308084
3746,,STREAM/RIVER,1519689600000,18484.7595214844,717047.0537961397
3747,,STREAM/RIVER,1519689600000,6839.26843261719,250245.7855286963
3748,,DAM/WEIR,1519689600000,2060.89221191406,876406.2348810534
3749,,DAM/WEIR,1519689600000,-10050.1157226563,309640.5192795862
3750,,DAM/WEIR,1519689600000,-447.671142578125,200350.60273630402
3751,,DAM/WEIR,1519689600000,27859.6115722656,84949.87285213528
3752,,DAM/WEIR,1519689600000,-10021.6351318359,511579.4719928471
3753,,STREAM/RIVER,1519689600000,16752.0499267578,450792.06332191767
3754,,STREAM/RIVER,1519689600000,-14324.8380126953,751336.2620765379
3755,,STREAM/RIVER,1519689600000,20408.5400390625,464655.6623317299
3756,,STREAM/RIVER,1519689600000,12215.2957763672,343881.2435115097
3757,,STREAM/RIVER,1519689600000,10345.3614501953,261728.48848646515
3758,,STREAM/RIVER,1519689600000,15736.9173583984,278218.65264867863
3759,,STREAM/RIVER,1519689600000,27889.5455322266,927854.1891897294
3760,,STREAM/RIVER,1519689600000,-14883.5740966797,165161.92914900146
3761,,STREAM/RIVER,1519689600000,-6090.857421875,988176.6187382699
3762,,STREAM/RIVER,1519689600000,-18583.8192138672,326986.4363272503
3763,,STREAM/RIVER,1519689600000,4911.79638671875,88481.3080037203
3764,,CANAL/DITCH,1519689600000,101.596801757813,248765.2630594054
3765,,DAM/WEIR,1519689600000,-1033.60913085938,58508.47970228369
3766,,DAM/WEIR,1519689600000,-9542.54919433594,790049.9761572303
3767,,DAM/WEIR,1519689600000,-4261.04528808594,512601.1446969388
3768,,STREAM/RIVER,1519689600000,-9348.27160644531,337052.58321829536
3769,,STREAM/RIVER,1519689600000,2529.86193847656,662082.7376214947
3770,,DAM/WEIR,1519689600000,-2867.98132324219,630682.8306511992
3771,,DAM/WEIR,1519689600000,33454.9971923828,939877.1621465783
3772,,DAM/WEIR,1519689600000,15751.3397216797,961263.4294361881
3773,,DAM/WEIR,1519689600000,-3433.55798339844,680715.0266040631
3774,,STREAM/RIVER,1519689600000,-30172.2552490234,817833.3278355169
3775,,STREAM/RIVER,1519689600000,10896.1293945313,792445.0654000447
3776,,STREAM/RIVER,1519689600000,21530.4342041016,491353.9110430971
3777,,STREAM/RIVER,1519689600000,13606.1556396484,704487.1377463256
3778,,STREAM/RIVER,1519689600000,-33223.0828857422,78351.10352379415
3779,,STREAM/RIVER,1519689600000,1570.45593261719,758044.5230209087
3780,,DAM/WEIR,1519689600000,4995.57373046875,961835.8620586412
3781,,DAM/WEIR,1519689600000,4209.18115234375,85066.17067567274
3782,,DAM/WEIR,1519689600000,387.59814453125,836131.3368976108
3783,,DAM/WEIR,1519689600000,6530.88220214844,932985.7956665797
3784,,DAM/WEIR,1519689600000,-3738.62817382813,226266.0447241921
3785,,DAM/WEIR,1519689600000,4510.04931640625,524858.1816792552
3786,,DAM/WEIR,1519689600000,2654.22302246094,927864.5117822167
3787,,DAM/WEIR,1519689600000,4749.82202148438,960229.0216965111
3788,,DAM/WEIR,1519689600000,28907.998046875,127969.46823149678
3789,,LAKE/POND,1519689600000,4031.70166015625,349068.9761286695
3790,,LAKE/POND,1519689600000,77295.1674804688,698174.1285421004
3791,,STREAM/RIVER,1519689600000,12880.4112548828,221636.12197749232
3792,,STREAM/RIVER,1519689600000,826935.977905273,324837.8268009887
3793,,STREAM/RIVER,1519689600000,64144.7784423828,23388.7076076328
3794,,STREAM/RIVER,1519689600000,23650.9652099609,153606.17524142485
3795,,STREAM/RIVER,1519689600000,-22855.3142089844,562372.6991388076
3796,,STREAM/RIVER,1519689600000,-21422.6380615234,653124.104207486
3797,,DAM/WEIR,1519689600000,7026.73400878906,648946.2910008962
3798,,DAM/WEIR,1519689600000,15878.1999511719,778381.856370668
3799,,DAM/WEIR,1519689600000,5594.73461914063,415339.47031600383
3800,,DAM/WEIR,1486944000000,3762.08654785156,273563.0936788152
3801,,DAM/WEIR,1486944000000,3903.26806640625,15679.126391820691
3802,,TUNNEL/CULVERT,1486944000000,0.001220703125,206708.9564399556
3803,,TUNNEL/CULVERT,1486944000000,1267.89721679688,312456.26103300485
3804,,RESERVOIR,1486944000000,-3.1240234375,178288.85758796099
3805,,RESERVOIR,1486944000000,17341.5684814453,20242.4369049811
3806,,DAM/WEIR,1486944000000,7639.03259277344,157531.7064567164
3807,,DAM/WEIR,1486944000000,7731.44616699219,666132.277512662
3808,,DAM/WEIR,1486944000000,-1494.42346191406,629621.8283455321
3809,,DAM/WEIR,1486944000000,10277.0734863281,935689.1353504632
3810,,DAM/WEIR,1486944000000,-3269.6796875,798187.6763998781
3811,,DAM/WEIR,1486944000000,-1909.04907226563,567798.7734733903
3812,,DAM/WEIR,1486944000000,801.26904296875,137642.45430211452
3813,,DAM/WEIR,1486944000000,-3984.20874023438,564114.8476714455
